-- MySQL dump 10.14  Distrib 5.5.68-MariaDB, for Linux (x86_64)
--
-- Host: localhost    Database: bcs_sales_tracker
-- ------------------------------------------------------
-- Server version	5.5.68-MariaDB

/*!40101 SET @OLD_CHARACTER_SET_CLIENT=@@CHARACTER_SET_CLIENT */;
/*!40101 SET @OLD_CHARACTER_SET_RESULTS=@@CHARACTER_SET_RESULTS */;
/*!40101 SET @OLD_COLLATION_CONNECTION=@@COLLATION_CONNECTION */;
/*!40101 SET NAMES latin1 */;
/*!40103 SET @OLD_TIME_ZONE=@@TIME_ZONE */;
/*!40103 SET TIME_ZONE='+00:00' */;
/*!40014 SET @OLD_UNIQUE_CHECKS=@@UNIQUE_CHECKS, UNIQUE_CHECKS=0 */;
/*!40014 SET @OLD_FOREIGN_KEY_CHECKS=@@FOREIGN_KEY_CHECKS, FOREIGN_KEY_CHECKS=0 */;
/*!40101 SET @OLD_SQL_MODE=@@SQL_MODE, SQL_MODE='NO_AUTO_VALUE_ON_ZERO' */;
/*!40111 SET @OLD_SQL_NOTES=@@SQL_NOTES, SQL_NOTES=0 */;

--
-- Table structure for table `auth_group`
--

DROP TABLE IF EXISTS `auth_group`;
/*!40101 SET @saved_cs_client     = @@character_set_client */;
/*!40101 SET character_set_client = utf8 */;
CREATE TABLE `auth_group` (
  `id` int(11) NOT NULL AUTO_INCREMENT,
  `name` varchar(150) NOT NULL,
  PRIMARY KEY (`id`),
  UNIQUE KEY `name` (`name`)
) ENGINE=InnoDB DEFAULT CHARSET=utf8mb4;
/*!40101 SET character_set_client = @saved_cs_client */;

--
-- Dumping data for table `auth_group`
--

LOCK TABLES `auth_group` WRITE;
/*!40000 ALTER TABLE `auth_group` DISABLE KEYS */;
/*!40000 ALTER TABLE `auth_group` ENABLE KEYS */;
UNLOCK TABLES;

--
-- Table structure for table `auth_group_permissions`
--

DROP TABLE IF EXISTS `auth_group_permissions`;
/*!40101 SET @saved_cs_client     = @@character_set_client */;
/*!40101 SET character_set_client = utf8 */;
CREATE TABLE `auth_group_permissions` (
  `id` int(11) NOT NULL AUTO_INCREMENT,
  `group_id` int(11) NOT NULL,
  `permission_id` int(11) NOT NULL,
  PRIMARY KEY (`id`),
  UNIQUE KEY `auth_group_permissions_group_id_permission_id_0cd325b0_uniq` (`group_id`,`permission_id`),
  KEY `auth_group_permissio_permission_id_84c5c92e_fk_auth_perm` (`permission_id`),
  CONSTRAINT `auth_group_permissions_group_id_b120cbf9_fk_auth_group_id` FOREIGN KEY (`group_id`) REFERENCES `auth_group` (`id`),
  CONSTRAINT `auth_group_permissio_permission_id_84c5c92e_fk_auth_perm` FOREIGN KEY (`permission_id`) REFERENCES `auth_permission` (`id`)
) ENGINE=InnoDB DEFAULT CHARSET=utf8mb4;
/*!40101 SET character_set_client = @saved_cs_client */;

--
-- Dumping data for table `auth_group_permissions`
--

LOCK TABLES `auth_group_permissions` WRITE;
/*!40000 ALTER TABLE `auth_group_permissions` DISABLE KEYS */;
/*!40000 ALTER TABLE `auth_group_permissions` ENABLE KEYS */;
UNLOCK TABLES;

--
-- Table structure for table `auth_permission`
--

DROP TABLE IF EXISTS `auth_permission`;
/*!40101 SET @saved_cs_client     = @@character_set_client */;
/*!40101 SET character_set_client = utf8 */;
CREATE TABLE `auth_permission` (
  `id` int(11) NOT NULL AUTO_INCREMENT,
  `name` varchar(255) NOT NULL,
  `content_type_id` int(11) NOT NULL,
  `codename` varchar(100) NOT NULL,
  PRIMARY KEY (`id`),
  UNIQUE KEY `auth_permission_content_type_id_codename_01ab375a_uniq` (`content_type_id`,`codename`),
  CONSTRAINT `auth_permission_content_type_id_2f476e4b_fk_django_co` FOREIGN KEY (`content_type_id`) REFERENCES `django_content_type` (`id`)
) ENGINE=InnoDB AUTO_INCREMENT=25 DEFAULT CHARSET=utf8mb4;
/*!40101 SET character_set_client = @saved_cs_client */;

--
-- Dumping data for table `auth_permission`
--

LOCK TABLES `auth_permission` WRITE;
/*!40000 ALTER TABLE `auth_permission` DISABLE KEYS */;
INSERT INTO `auth_permission` VALUES (1,'Can add log entry',1,'add_logentry'),(2,'Can change log entry',1,'change_logentry'),(3,'Can delete log entry',1,'delete_logentry'),(4,'Can view log entry',1,'view_logentry'),(5,'Can add permission',2,'add_permission'),(6,'Can change permission',2,'change_permission'),(7,'Can delete permission',2,'delete_permission'),(8,'Can view permission',2,'view_permission'),(9,'Can add group',3,'add_group'),(10,'Can change group',3,'change_group'),(11,'Can delete group',3,'delete_group'),(12,'Can view group',3,'view_group'),(13,'Can add user',4,'add_user'),(14,'Can change user',4,'change_user'),(15,'Can delete user',4,'delete_user'),(16,'Can view user',4,'view_user'),(17,'Can add content type',5,'add_contenttype'),(18,'Can change content type',5,'change_contenttype'),(19,'Can delete content type',5,'delete_contenttype'),(20,'Can view content type',5,'view_contenttype'),(21,'Can add session',6,'add_session'),(22,'Can change session',6,'change_session'),(23,'Can delete session',6,'delete_session'),(24,'Can view session',6,'view_session');
/*!40000 ALTER TABLE `auth_permission` ENABLE KEYS */;
UNLOCK TABLES;

--
-- Table structure for table `auth_user`
--

DROP TABLE IF EXISTS `auth_user`;
/*!40101 SET @saved_cs_client     = @@character_set_client */;
/*!40101 SET character_set_client = utf8 */;
CREATE TABLE `auth_user` (
  `id` int(11) NOT NULL AUTO_INCREMENT,
  `password` varchar(128) NOT NULL,
  `last_login` datetime(6) DEFAULT NULL,
  `is_superuser` tinyint(1) NOT NULL,
  `username` varchar(150) NOT NULL,
  `first_name` varchar(150) NOT NULL,
  `last_name` varchar(150) NOT NULL,
  `email` varchar(254) NOT NULL,
  `is_staff` tinyint(1) NOT NULL,
  `is_active` tinyint(1) NOT NULL,
  `date_joined` datetime(6) NOT NULL,
  PRIMARY KEY (`id`),
  UNIQUE KEY `username` (`username`)
) ENGINE=InnoDB AUTO_INCREMENT=23 DEFAULT CHARSET=utf8mb4;
/*!40101 SET character_set_client = @saved_cs_client */;

--
-- Dumping data for table `auth_user`
--

LOCK TABLES `auth_user` WRITE;
/*!40000 ALTER TABLE `auth_user` DISABLE KEYS */;
INSERT INTO `auth_user` VALUES (1,'pbkdf2_sha256$216000$1CRLsThqcRdl$5buL2izwwjRWXbV8+52DtJDPrtJ5wxUe+cNJeT8msJE=','2023-07-31 10:06:21.623352',1,'pranit','pranit','dudhane','pranit.dudhane@brand-scapes.com',1,1,'2023-07-31 08:28:39.959343'),(3,'pbkdf2_sha256$216000$zN7wvRb8vMq7$ZpB3QwKMmuSW5v/a8NW3WHBzFKLcMkm/d/9F2sKq/gw=','2023-07-31 10:06:54.998295',0,'test','','','',1,1,'2023-07-31 10:06:01.346266'),(4,'pbkdf2_sha256$216000$3IYykVNiANox$9GT3HioNFp0/RwF5FIFNGIkX+v1EwhBCGxHDGHMAXxI=',NULL,1,'demo','','','demo@demo.com',1,1,'2023-09-13 13:01:15.794575'),(5,'pbkdf2_sha256$216000$esh5lEjtCDm6$gixradSWYpYkR8bIOntSblvMQmggr2vY33STjY9X0zg=','2024-09-05 10:45:58.138061',1,'admin','','','admin@admin.com',1,1,'2024-04-02 15:06:54.071571'),(6,'pbkdf2_sha256$216000$iloXeqbRLp7L$0yqGGk25tg7j5J5dhjFNStLwMIBsIlJUWslJQM2i02A=','2024-06-12 07:51:29.426792',1,'Lalatendu','','','lalatendu.mishra@brand-scapes.com',1,1,'2024-04-24 06:39:05.386940'),(7,'pbkdf2_sha256$216000$jkESUvHeMESC$w8WFimI0b+2/XLVVMMogfApVwCcR/DrzQo66bgauBUs=','2024-04-24 07:59:40.400826',1,'Satyendra','','','satyendra.singh@brand-scapes.com',1,1,'2024-04-24 06:39:41.105019'),(8,'pbkdf2_sha256$216000$46tPaEbvin57$fmUrO9EA2YsAjtzANnBmwI+/cVcKVNt6xa9e8CJpWw8=',NULL,1,'Vilas','','','vilas.kirve@brand-scapes.com',1,1,'2024-04-24 06:40:17.511061'),(9,'pbkdf2_sha256$216000$J3cVaHkEEGdp$pvT2LApLrTLyyOv4W/vMUBATNiRnQsqCCbL4fdG6m54=','2024-08-30 09:09:39.615514',1,'Mihir','','','mihir.pawar@brand-scapes.com',1,1,'2024-04-24 06:40:52.969889'),(10,'pbkdf2_sha256$216000$C3qrrQbuq8dQ$l9dSzzObuKmSbd/DxhqKDjPp9gXWucEIz4ZMpv0HPII=',NULL,1,'harshal','','','harshal.phansekar@brand-scapes.com',1,1,'2024-04-24 06:41:59.482823'),(11,'pbkdf2_sha256$216000$7L1pdfjDQ1Qm$/RQGEQOgvgXSfcMXSILxX51CCbIUly9cO4WXc2n/x2s=','2024-09-05 06:53:36.845576',0,'Sales','','','sales@brand-scapes.com',0,1,'2024-04-25 13:10:44.000000'),(12,'pbkdf2_sha256$216000$xzQPA6WtnEn3$Ho2DimdO8Gt2g98JFyFVYSLN23wkm42LZOKV0dftLs4=','2024-08-15 02:50:12.637282',0,'Promise','Promise','','promise.chen@shiseido.com.tw',0,1,'2024-07-29 08:00:40.000000'),(13,'pbkdf2_sha256$216000$w69aCvbfsAkf$MrDmuFkcWlI3+pVBLGYccMTRVu6tW8FMefZzGpM8JXI=','2024-08-14 09:21:17.121445',0,'Yunjin','Yunjin','','yunjin.park@shiseido.co.kr',0,1,'2024-07-29 08:12:31.000000'),(14,'pbkdf2_sha256$216000$1zF0YEVIDd76$M/W3AlWlXwZZWiojOaUEf9S6Y1RimKbgQScBUq922Qs=','2024-08-28 04:44:23.307250',0,'Duangkamol','Duangkamol','','duangkamol.sereeyothin@shiseido.co.th',0,1,'2024-07-29 08:13:16.000000'),(15,'pbkdf2_sha256$216000$ZyAPde4aArNk$A8CagI9X1Jb7qI6r6s5svJU15XvG3oQu1mpNxBx/ypI=','2024-08-16 02:34:27.234453',0,'Steffi','Steffi','','steffi.wong@sapac.shiseido.com',0,1,'2024-07-29 08:14:01.000000'),(16,'pbkdf2_sha256$216000$bqYn9H4Jza2i$NNNb3JkpozHFMy0JRcJmMgFgORI28tLpTHasZPrO9pc=','2024-08-14 01:57:37.237027',0,'Andrew','Andrew','','andrew.chua@sapac.shiseido.com',0,1,'2024-07-29 08:14:51.000000'),(17,'pbkdf2_sha256$216000$Dpt3ngkz9aTc$oBtpNIQBqARg3lm8rMoumuTmGMHavNVFvTqsXCRAnN8=','2024-07-29 08:17:09.210817',0,'Zulaikha','Zulaikha','','zulaikha.rahim@sapac.shiseido.com',0,1,'2024-07-29 08:15:39.000000'),(18,'pbkdf2_sha256$216000$538swDmR09Ir$2cJKPZyPY+VNURv4LgnISSyqdQxmJtmBNlZ8DIOXP+U=','2024-08-15 01:27:05.705368',0,'Pamela','Pamela','','pamela.koh@sapac.shiseido.com',0,1,'2024-08-12 10:15:29.000000'),(20,'pbkdf2_sha256$216000$iyIu3u2FGci4$x0PHqGYkYDs0VnE0xxB9zwNSaKT9hBNtLucwTo1LXUk=','2024-08-19 09:15:49.363244',0,'nicole','nicole','','nicole.tan@sapac.shiseido.com',0,1,'2024-08-19 09:15:10.000000'),(21,'pbkdf2_sha256$216000$hq8wCEaA3xYo$lCNSU+ZncQm53GhX9Iid3YcyeBkDojLk2ZfS/B5XOFg=','2024-08-23 05:23:50.999633',0,'sauleng','sauleng','','sauleng.tham@sapac.shiseido.com',0,1,'2024-08-23 05:22:21.000000'),(22,'pbkdf2_sha256$216000$sNAVHdFIYVxX$WVnk+nZvSkus45OiPI112Pi/MBvu0ZTZvzxGNiYMcHM=','2024-08-23 05:24:17.205038',0,'sharron','sharron','','sharron.tan@sapac.shiseido.com',0,1,'2024-08-23 05:23:01.000000');
/*!40000 ALTER TABLE `auth_user` ENABLE KEYS */;
UNLOCK TABLES;

--
-- Table structure for table `auth_user_groups`
--

DROP TABLE IF EXISTS `auth_user_groups`;
/*!40101 SET @saved_cs_client     = @@character_set_client */;
/*!40101 SET character_set_client = utf8 */;
CREATE TABLE `auth_user_groups` (
  `id` int(11) NOT NULL AUTO_INCREMENT,
  `user_id` int(11) NOT NULL,
  `group_id` int(11) NOT NULL,
  PRIMARY KEY (`id`),
  UNIQUE KEY `auth_user_groups_user_id_group_id_94350c0c_uniq` (`user_id`,`group_id`),
  KEY `auth_user_groups_group_id_97559544_fk_auth_group_id` (`group_id`),
  CONSTRAINT `auth_user_groups_group_id_97559544_fk_auth_group_id` FOREIGN KEY (`group_id`) REFERENCES `auth_group` (`id`),
  CONSTRAINT `auth_user_groups_user_id_6a12ed8b_fk_auth_user_id` FOREIGN KEY (`user_id`) REFERENCES `auth_user` (`id`)
) ENGINE=InnoDB DEFAULT CHARSET=utf8mb4;
/*!40101 SET character_set_client = @saved_cs_client */;

--
-- Dumping data for table `auth_user_groups`
--

LOCK TABLES `auth_user_groups` WRITE;
/*!40000 ALTER TABLE `auth_user_groups` DISABLE KEYS */;
/*!40000 ALTER TABLE `auth_user_groups` ENABLE KEYS */;
UNLOCK TABLES;

--
-- Table structure for table `auth_user_user_permissions`
--

DROP TABLE IF EXISTS `auth_user_user_permissions`;
/*!40101 SET @saved_cs_client     = @@character_set_client */;
/*!40101 SET character_set_client = utf8 */;
CREATE TABLE `auth_user_user_permissions` (
  `id` int(11) NOT NULL AUTO_INCREMENT,
  `user_id` int(11) NOT NULL,
  `permission_id` int(11) NOT NULL,
  PRIMARY KEY (`id`),
  UNIQUE KEY `auth_user_user_permissions_user_id_permission_id_14a6b632_uniq` (`user_id`,`permission_id`),
  KEY `auth_user_user_permi_permission_id_1fbb5f2c_fk_auth_perm` (`permission_id`),
  CONSTRAINT `auth_user_user_permissions_user_id_a95ead1b_fk_auth_user_id` FOREIGN KEY (`user_id`) REFERENCES `auth_user` (`id`),
  CONSTRAINT `auth_user_user_permi_permission_id_1fbb5f2c_fk_auth_perm` FOREIGN KEY (`permission_id`) REFERENCES `auth_permission` (`id`)
) ENGINE=InnoDB DEFAULT CHARSET=utf8mb4;
/*!40101 SET character_set_client = @saved_cs_client */;

--
-- Dumping data for table `auth_user_user_permissions`
--

LOCK TABLES `auth_user_user_permissions` WRITE;
/*!40000 ALTER TABLE `auth_user_user_permissions` DISABLE KEYS */;
/*!40000 ALTER TABLE `auth_user_user_permissions` ENABLE KEYS */;
UNLOCK TABLES;

--
-- Table structure for table `django_admin_log`
--

DROP TABLE IF EXISTS `django_admin_log`;
/*!40101 SET @saved_cs_client     = @@character_set_client */;
/*!40101 SET character_set_client = utf8 */;
CREATE TABLE `django_admin_log` (
  `id` int(11) NOT NULL AUTO_INCREMENT,
  `action_time` datetime(6) NOT NULL,
  `object_id` longtext,
  `object_repr` varchar(200) NOT NULL,
  `action_flag` smallint(5) unsigned NOT NULL,
  `change_message` longtext NOT NULL,
  `content_type_id` int(11) DEFAULT NULL,
  `user_id` int(11) NOT NULL,
  PRIMARY KEY (`id`),
  KEY `django_admin_log_content_type_id_c4bce8eb_fk_django_co` (`content_type_id`),
  KEY `django_admin_log_user_id_c564eba6_fk_auth_user_id` (`user_id`),
  CONSTRAINT `django_admin_log_content_type_id_c4bce8eb_fk_django_co` FOREIGN KEY (`content_type_id`) REFERENCES `django_content_type` (`id`),
  CONSTRAINT `django_admin_log_user_id_c564eba6_fk_auth_user_id` FOREIGN KEY (`user_id`) REFERENCES `auth_user` (`id`)
) ENGINE=InnoDB AUTO_INCREMENT=29 DEFAULT CHARSET=utf8mb4;
/*!40101 SET character_set_client = @saved_cs_client */;

--
-- Dumping data for table `django_admin_log`
--

LOCK TABLES `django_admin_log` WRITE;
/*!40000 ALTER TABLE `django_admin_log` DISABLE KEYS */;
INSERT INTO `django_admin_log` VALUES (1,'2023-07-31 10:04:40.894687','2','test',1,'[{\"added\": {}}]',4,1),(2,'2023-07-31 10:05:43.658644','2','test',3,'',4,1),(3,'2023-07-31 10:06:01.791828','3','test',1,'[{\"added\": {}}]',4,1),(4,'2024-04-25 13:10:44.445539','11','Sales',1,'[{\"added\": {}}]',4,5),(5,'2024-04-25 13:11:51.491311','11','Sales',2,'[{\"changed\": {\"fields\": [\"Email address\"]}}]',4,5),(6,'2024-07-29 08:00:40.852560','12','Promise',1,'[{\"added\": {}}]',4,5),(7,'2024-07-29 08:12:04.600126','12','Promise',2,'[{\"changed\": {\"fields\": [\"First name\", \"Email address\"]}}]',4,5),(8,'2024-07-29 08:12:31.805235','13','Yunjin',1,'[{\"added\": {}}]',4,5),(9,'2024-07-29 08:12:54.669474','13','Yunjin',2,'[{\"changed\": {\"fields\": [\"First name\", \"Email address\"]}}]',4,5),(10,'2024-07-29 08:13:16.336505','14','Duangkamol',1,'[{\"added\": {}}]',4,5),(11,'2024-07-29 08:13:36.501498','14','Duangkamol',2,'[{\"changed\": {\"fields\": [\"First name\", \"Email address\"]}}]',4,5),(12,'2024-07-29 08:14:01.679114','15','Steffi',1,'[{\"added\": {}}]',4,5),(13,'2024-07-29 08:14:25.383240','15','Steffi',2,'[{\"changed\": {\"fields\": [\"First name\", \"Email address\"]}}]',4,5),(14,'2024-07-29 08:14:52.067071','16','Andrew',1,'[{\"added\": {}}]',4,5),(15,'2024-07-29 08:15:20.173489','16','Andrew',2,'[{\"changed\": {\"fields\": [\"First name\", \"Email address\"]}}]',4,5),(16,'2024-07-29 08:15:39.652926','17','Zulaikha',1,'[{\"added\": {}}]',4,5),(17,'2024-07-29 08:15:52.124619','17','Zulaikha',2,'[{\"changed\": {\"fields\": [\"First name\", \"Email address\"]}}]',4,5),(18,'2024-08-12 10:15:29.806429','18','Pamela',1,'[{\"added\": {}}]',4,5),(19,'2024-08-12 10:16:15.401657','18','Pamela',2,'[{\"changed\": {\"fields\": [\"First name\", \"Email address\"]}}]',4,5),(20,'2024-08-19 09:12:51.304281','19','nicole',1,'[{\"added\": {}}]',4,5),(21,'2024-08-19 09:13:24.873927','19','Nicole',2,'[{\"changed\": {\"fields\": [\"Username\", \"First name\", \"Email address\"]}}]',4,5),(22,'2024-08-19 09:14:43.675647','19','Nicole',3,'',4,5),(23,'2024-08-19 09:15:10.956726','20','nicole',1,'[{\"added\": {}}]',4,5),(24,'2024-08-19 09:15:27.512816','20','nicole',2,'[{\"changed\": {\"fields\": [\"First name\", \"Email address\"]}}]',4,5),(25,'2024-08-23 05:22:21.797150','21','sauleng',1,'[{\"added\": {}}]',4,5),(26,'2024-08-23 05:22:40.454726','21','sauleng',2,'[{\"changed\": {\"fields\": [\"First name\", \"Email address\"]}}]',4,5),(27,'2024-08-23 05:23:02.152813','22','sharron',1,'[{\"added\": {}}]',4,5),(28,'2024-08-23 05:23:14.476081','22','sharron',2,'[{\"changed\": {\"fields\": [\"First name\", \"Email address\"]}}]',4,5);
/*!40000 ALTER TABLE `django_admin_log` ENABLE KEYS */;
UNLOCK TABLES;

--
-- Table structure for table `django_content_type`
--

DROP TABLE IF EXISTS `django_content_type`;
/*!40101 SET @saved_cs_client     = @@character_set_client */;
/*!40101 SET character_set_client = utf8 */;
CREATE TABLE `django_content_type` (
  `id` int(11) NOT NULL AUTO_INCREMENT,
  `app_label` varchar(100) NOT NULL,
  `model` varchar(100) NOT NULL,
  PRIMARY KEY (`id`),
  UNIQUE KEY `django_content_type_app_label_model_76bd3d3b_uniq` (`app_label`,`model`)
) ENGINE=InnoDB AUTO_INCREMENT=7 DEFAULT CHARSET=utf8mb4;
/*!40101 SET character_set_client = @saved_cs_client */;

--
-- Dumping data for table `django_content_type`
--

LOCK TABLES `django_content_type` WRITE;
/*!40000 ALTER TABLE `django_content_type` DISABLE KEYS */;
INSERT INTO `django_content_type` VALUES (1,'admin','logentry'),(3,'auth','group'),(2,'auth','permission'),(4,'auth','user'),(5,'contenttypes','contenttype'),(6,'sessions','session');
/*!40000 ALTER TABLE `django_content_type` ENABLE KEYS */;
UNLOCK TABLES;

--
-- Table structure for table `django_migrations`
--

DROP TABLE IF EXISTS `django_migrations`;
/*!40101 SET @saved_cs_client     = @@character_set_client */;
/*!40101 SET character_set_client = utf8 */;
CREATE TABLE `django_migrations` (
  `id` int(11) NOT NULL AUTO_INCREMENT,
  `app` varchar(255) NOT NULL,
  `name` varchar(255) NOT NULL,
  `applied` datetime(6) NOT NULL,
  PRIMARY KEY (`id`)
) ENGINE=InnoDB AUTO_INCREMENT=19 DEFAULT CHARSET=utf8mb4;
/*!40101 SET character_set_client = @saved_cs_client */;

--
-- Dumping data for table `django_migrations`
--

LOCK TABLES `django_migrations` WRITE;
/*!40000 ALTER TABLE `django_migrations` DISABLE KEYS */;
INSERT INTO `django_migrations` VALUES (1,'contenttypes','0001_initial','2023-07-31 08:24:36.518040'),(2,'auth','0001_initial','2023-07-31 08:24:36.931114'),(3,'admin','0001_initial','2023-07-31 08:24:37.796906'),(4,'admin','0002_logentry_remove_auto_add','2023-07-31 08:24:37.985389'),(5,'admin','0003_logentry_add_action_flag_choices','2023-07-31 08:24:38.015229'),(6,'contenttypes','0002_remove_content_type_name','2023-07-31 08:24:38.144026'),(7,'auth','0002_alter_permission_name_max_length','2023-07-31 08:24:38.252877'),(8,'auth','0003_alter_user_email_max_length','2023-07-31 08:24:38.299028'),(9,'auth','0004_alter_user_username_opts','2023-07-31 08:24:38.326119'),(10,'auth','0005_alter_user_last_login_null','2023-07-31 08:24:38.416057'),(11,'auth','0006_require_contenttypes_0002','2023-07-31 08:24:38.430868'),(12,'auth','0007_alter_validators_add_error_messages','2023-07-31 08:24:38.458855'),(13,'auth','0008_alter_user_username_max_length','2023-07-31 08:24:38.504904'),(14,'auth','0009_alter_user_last_name_max_length','2023-07-31 08:24:38.546184'),(15,'auth','0010_alter_group_name_max_length','2023-07-31 08:24:38.591845'),(16,'auth','0011_update_proxy_permissions','2023-07-31 08:24:38.618188'),(17,'auth','0012_alter_user_first_name_max_length','2023-07-31 08:24:38.663291'),(18,'sessions','0001_initial','2023-07-31 08:24:38.730222');
/*!40000 ALTER TABLE `django_migrations` ENABLE KEYS */;
UNLOCK TABLES;

--
-- Table structure for table `django_session`
--

DROP TABLE IF EXISTS `django_session`;
/*!40101 SET @saved_cs_client     = @@character_set_client */;
/*!40101 SET character_set_client = utf8 */;
CREATE TABLE `django_session` (
  `session_key` varchar(40) NOT NULL,
  `session_data` longtext NOT NULL,
  `expire_date` datetime(6) NOT NULL,
  PRIMARY KEY (`session_key`),
  KEY `django_session_expire_date_a5c62663` (`expire_date`)
) ENGINE=InnoDB DEFAULT CHARSET=utf8mb4;
/*!40101 SET character_set_client = @saved_cs_client */;

--
-- Dumping data for table `django_session`
--

LOCK TABLES `django_session` WRITE;
/*!40000 ALTER TABLE `django_session` DISABLE KEYS */;
INSERT INTO `django_session` VALUES ('02v0l7pk9grmhcxsnv13baj1r3g8kqwt','eyJpc19sb2dnZWQiOnRydWV9:1ruUPE:4DVOHIvCaKTxry7ONqy-9qYzyHrI8u4npstfcVzDMfM','2024-04-24 09:38:12.955772'),('0rut7kchi8x5cyc1msf171cefwvyelag','.eJxVjkEKgzAQRe-SdQlNxphOl933DGEmmaitGDC6Kr17FaTg9v3H43_UWmUOQ1J3Yy8q0Lr04Y-UseoEmeJbpn1JL5q6omOZlnlgvSv6WKt-liTj43BPgZ5qv3eFsG1NRGDOnlxjLQFahpQbk8m7CIa4ceaKSA5yBL6BeO-SA4-Yt-hQw1i6TrYzy7zK9wf9-0Hq:1seQZ2:SSx07fBSelSSCCcCRBv8jUZmhxQlzI8rc9uvakGOLv4','2024-08-29 02:50:12.640598'),('1osyi0xyyarvvpy9iswxbxefchysfptw','.eJxVjs0KgzAQhN8l5xK2atxNj733GcJusv60YsDoqfTdqyCFXr-Z-Zi32YouYUzm5i4m8LYO4UeMM39MOL50PoL05LnPNuZ5XUaxR8WeabGPnHS6n90_wcBl2Ne-JQKsqlYxSWowdYRM7LmGK_laoAIFQiHpwAsiRKIo2DSJxTnBXTqWMOW-1_3Mumz6-QKVWUFs:1sN9nS:bYW9Dbn2ugTFLSqmoUHY5UvvRBFYRQJ-4e1maOtc5H0','2024-07-12 11:29:42.407429'),('1pmjef7efl2viv7uneor0a24fd1uet9w','eyJpc19sb2dnZWQiOnRydWV9:1r0FUl:qbz-nsPLzFDh3ziho6atplA0O72DKJF_QniQSRD8fls','2023-11-21 06:23:27.949077'),('2g9mx8mieczf9bi1rkeslkad2tztyctk','eyJpc19sb2dnZWQiOnRydWV9:1rsIGe:LyZ4tlPRC6GFjP8qPsIbGzCYE0oRggDnpzyWnHXVIyk','2024-04-18 08:16:16.409948'),('2kxp62yakyz5usddp8292ao6a4oovo7k','.eJxVjkEKgzAQRe-SdQlNxphOl933DGEmmaitGDC6Kr17FaTg9v3H43_UWmUOQ1J3Yy8q0Lr04Y-UseoEmeJbpn1JL5q6omOZlnlgvSv6WKt-liTj43BPgZ5qv3eFsG1NRGDOnlxjLQFahpQbk8m7CIa4ceaKSA5yBL6BeO-SA4-Yt-hQw1i6TrYzy7zK9wf9-0Hq:1sdo7m:GQPUlzTIsdfjqfA8GLb5XCZPjzkCfPigeb26pK0oZe4','2024-08-27 09:47:30.118115'),('319krayrzr8091m633clb81sa2azleba','eyJpc19sb2dnZWQiOnRydWV9:1ri70A:mG4Fi1bsqXqefDiAu5grSVPkrngxnmFZr54X8DBBiDY','2024-03-21 06:13:10.659504'),('4609qijchhyl1fq8gf4ppr0oy4klv8zg','eyJpc19sb2dnZWQiOnRydWV9:1rN68k:ccBPkLCXSLYu9mLj7g4vAtpPY5p1iD0ofj0sk1Hd7ME','2024-01-23 07:03:10.260434'),('4pyjhw59y1apyk0fmscjwf04ig9fknkj','.eJxVjsEKgzAQRP8l5xK6GhPTY-9-Q9jNbtRWDBg9lf57FaTgdd6bYT5qK7KEkdUD4KYCbusQ_pECUJeQML5lPgi_cO6zjnlel5H0oeiTFt1llul5upeBAcuwt6m6k4sG2uiTsRYFKu89ty3Vzhpsmh1J4pTEsRciBuucMBpKjurmGB1LmHLfy35mXTb5_gAWEELy:1sN9pX:Ev1Hz7AaeowikFrAeqpn95kkOl21DVX8tObz7TQJjHc','2024-07-12 11:31:51.921230'),('4qtiaq0teabplxeftq37hjbj0muxskn1','eyJpc19sb2dnZWQiOnRydWV9:1qoPJD:mcOkTWnX0DINllJUUN6sk2eVHWKOjbGjSQe6OnoFfsc','2023-10-19 14:26:35.363733'),('4ybeorjo2kztmrqr12oxc6q3psw4nebc','.eJxVjs0KgzAQhN8l5xK2atxNj733GcJusv60YsDoqfTdqyCFXr-Z-Zi32YouYUzm5i4m8LYO4UeMM39MOL50PoL05LnPNuZ5XUaxR8WeabGPnHS6n90_wcBl2Ne-JQKsqlYxSWowdYRM7LmGK_laoAIFQiHpwAsiRKIo2DSJxTnBXTqWMOW-1_3Mumz6-QKVWUFs:1sjCCI:5Qz6zahhumprqDA6EAhvxzGBJOCe4G6QuROiel4ySHU','2024-09-11 06:30:26.876117'),('5c9u4tgu25qd5qiuq283c7z12oalkky4','.eJxVjs0KgzAQhN8l5xK2atxNj733GcJusv60YsDoqfTdqyCFXr-Z-Zi32YouYUzm5i4m8LYO4UeMM39MOL50PoL05LnPNuZ5XUaxR8WeabGPnHS6n90_wcBl2Ne-JQKsqlYxSWowdYRM7LmGK_laoAIFQiHpwAsiRKIo2DSJxTnBXTqWMOW-1_3Mumz6-QKVWUFs:1sN9nv:pWnBBawsRvdY4zFZ-_QuIqc1ylueddWkMowdRoaWGXQ','2024-07-12 11:30:11.325293'),('5isdnafeo9sv8poe9qwtapjbr8u10n2w','.eJxVjssKgzAURP8l6xJifNyky-77DWGu5mErBoyuSv-9ClJwe2bmMB-xFb-4cRB3exMO25rcnwgrLozRv_18BMMLc8yyz_O6jCyPijzTIp958NPj7F4ECSUd60br0LUVyFrNqHTdBkMMEBMMoWuUsgq6CR2gFJENqKlmNh6BjdmlY3FTjtHvZ9Zl898fpt1BuQ:1sZnFu:qoTyKIR8Mfqv7Giyy3exoJ50gGpWFFtaG-xZj_5LAfQ','2024-08-16 08:03:18.781218'),('5u14gi20vf832en03hb87m9pvna4a0pe','.eJxVjs0KgzAQhN8l5xK2atxNj733GcJusv60YsDoqfTdqyCFXr-Z-Zi32YouYUzm5i4m8LYO4UeMM39MOL50PoL05LnPNuZ5XUaxR8WeabGPnHS6n90_wcBl2Ne-JQKsqlYxSWowdYRM7LmGK_laoAIFQiHpwAsiRKIo2DSJxTnBXTqWMOW-1_3Mumz6-QKVWUFs:1sI3IE:a0WHh9geQ37IG0Wwy7e4BJldNNNhNaMaW4gyV6jxUJ8','2024-06-28 09:32:22.240400'),('6k54p7pigtise1j0ric73rio5dbaqdur','.eJxVjs0KgzAQhN8l5xK2atxNj733GcJusv60YsDoqfTdqyCFXr-Z-Zi32YouYUzm5i4m8LYO4UeMM39MOL50PoL05LnPNuZ5XUaxR8WeabGPnHS6n90_wcBl2Ne-JQKsqlYxSWowdYRM7LmGK_laoAIFQiHpwAsiRKIo2DSJxTnBXTqWMOW-1_3Mumz6-QKVWUFs:1sN9nu:qRbZZBlnZEhpp6VzlCcwMDIbxjIM51Al3bxpTueKN10','2024-07-12 11:30:10.438280'),('6sl8ie8cn97r4p0pwtxtqzcyt2xc05dx','eyJpc19sb2dnZWQiOnRydWV9:1rZmOv:b3TSp2aQLBSOUqLxnM3oznKbb1yY-76z3C1M2GNUSW8','2024-02-27 06:36:17.303553'),('6uflyp53sjjyenin1cvxk6p2dyoz2yu3','.eJxVjsEOgyAQRP-Fc0MUXBZ67L3fQIBd1NZIInpq-u_VxDTxOu_NZD5iq7z4kcTd3IQP2zr4fyKMuGQxpDfPB6BXmPsiU5nXZYzyUORJq3wW4ulxupeBIdRhb4PtnAVgTqprE6hscospkaPsEGMLZJAUo0MVsrUarNYdNJGgQdDueDVWP5W-5_3Mumz8_QGaE0D4:1s2s42:hs3pPDw23JWoFNmQhL9Whnq6VXHxGKUnFlvwyLk3_2M','2024-05-17 12:30:58.896939'),('6y1bl247jl7krw5dgyndd7jby2fmv2ik','eyJpc19sb2dnZWQiOnRydWV9:1rPgqd:3B0_yJOcI9pv8WHOT9SB8JXg3XFzdzt1JmmuxVTWegA','2024-01-30 10:39:11.498061'),('71cz7dqjylng3k8rrh6hixx20ear0g7k','eyJpc19sb2dnZWQiOnRydWV9:1rvAii:k981tug_w42wELO9cYy8UZvxZ16QafQ2enq5TiaGk-A','2024-04-26 06:49:08.622466'),('73esh0hijy2o36qd55oiioxc6ywf92xk','.eJxVjsEKgzAQRP8l5xK6GhPTY-9-Q9jNbtRWDBg9lf57FaTgdd6bYT5qK7KEkdUD4KYCbusQ_pECUJeQML5lPgi_cO6zjnlel5H0oeiTFt1llul5upeBAcuwt6m6k4sG2uiTsRYFKu89ty3Vzhpsmh1J4pTEsRciBuucMBpKjurmGB1LmHLfy35mXTb5_gAWEELy:1sJNnu:JZy0VlH-dEnoCF3L8XSs1oQxYwdDbgLRsRuu87wrzVo','2024-07-02 01:38:34.408516'),('7qxbrqwxup1w7c6rrfz7h2j8kcaj1pa3','eyJpc19sb2dnZWQiOnRydWV9:1rQ3mv:p-eXctqyu-UZufoJTZZGb5_WxkSvAkVnhVBvDV3Q878','2024-01-31 11:08:53.659735'),('860uop10r9zi4m6ptk9w3w6br71sm4ji','eyJpc19sb2dnZWQiOnRydWV9:1rQ17Y:9tmSG7BAAJcMmuZ2qoLX6peFMLEICJpZVkNgt8PNSO0','2024-01-31 08:18:00.863652'),('8attgc8frg0y148ljzhreodf3jhuu19q','.eJxVjs0KgzAQhN8l5xK2atxNj733GcJusv60YsDoqfTdqyCFXr-Z-Zi32YouYUzm5i4m8LYO4UeMM39MOL50PoL05LnPNuZ5XUaxR8WeabGPnHS6n90_wcBl2Ne-JQKsqlYxSWowdYRM7LmGK_laoAIFQiHpwAsiRKIo2DSJxTnBXTqWMOW-1_3Mumz6-QKVWUFs:1sN9nK:r1ZKVeqW3zZLhfXUSAHt9NLLDp5g0moPjBtNe3zclRs','2024-07-12 11:29:34.418188'),('8cl9r5oeqshz3twiducx5cxnlri1eiu9','.eJxVjkEKgzAQRe-SdQlNxphOl933DGEmmaitGDC6Kr17FaTg9v3H43_UWmUOQ1J3Yy8q0Lr04Y-UseoEmeJbpn1JL5q6omOZlnlgvSv6WKt-liTj43BPgZ5qv3eFsG1NRGDOnlxjLQFahpQbk8m7CIa4ceaKSA5yBL6BeO-SA4-Yt-hQw1i6TrYzy7zK9wf9-0Hq:1sePdG:JEoNJl29qpmWGW84BbvALd4aV_oeWOjbzarzGWowG7Y','2024-08-29 01:50:30.198749'),('96bsxsi63jnsxb0jxns8xjoivyzolktm','eyJpc19sb2dnZWQiOnRydWV9:1rrugK:wnCdvLtoDHEOS2OhZF1WEXV2wECcLk26Ea06cp9rks4','2024-04-17 07:05:12.557097'),('9asr21983hh02j4lbssjijcgfptyaau6','.eJxVjs0KgzAQhN8l5xK2atxNj733GcJusv60YsDoqfTdqyCFXr-Z-Zi32YouYUzm5i4m8LYO4UeMM39MOL50PoL05LnPNuZ5XUaxR8WeabGPnHS6n90_wcBl2Ne-JQKsqlYxSWowdYRM7LmGK_laoAIFQiHpwAsiRKIo2DSJxTnBXTqWMOW-1_3Mumz6-QKVWUFs:1sN9nT:ugQYUUgHP4VDsWYDVx_dV-KRZr6UBZcuCVtzQr6Pzvs','2024-07-12 11:29:43.296761'),('9lu98pm8dvy03po7mjsfuqxrvz3j9459','.eJxVjssKgzAURP8l6xJifNyky-77DWGu5mErBoyuSv-9ClJwe2bmMB-xFb-4cRB3exMO25rcnwgrLozRv_18BMMLc8yyz_O6jCyPijzTIp958NPj7F4ECSUd60br0LUVyFrNqHTdBkMMEBMMoWuUsgq6CR2gFJENqKlmNh6BjdmlY3FTjtHvZ9Zl898fpt1BuQ:1sYnnu:SjqRmsSeShEVymz4puLUrxfzS9kVlp9K6NivJCnRIo0','2024-08-13 14:26:18.305340'),('abgvpz72lu1zefbvuybd8ym5r6e2su3t','.eJxVjs0KgzAQhN8l5xK2atxNj733GcJusv60YsDoqfTdqyCFXr-Z-Zi32YouYUzm5i4m8LYO4UeMM39MOL50PoL05LnPNuZ5XUaxR8WeabGPnHS6n90_wcBl2Ne-JQKsqlYxSWowdYRM7LmGK_laoAIFQiHpwAsiRKIo2DSJxTnBXTqWMOW-1_3Mumz6-QKVWUFs:1slraH:uPeNwolpAnG1G8TD1NFcRZaamcuU5cj-lZXBsjAjjdQ','2024-09-18 15:06:13.726381'),('brpf8ui7nyykg1kqmxpc9e1czfh6pij1','eyJpc19sb2dnZWQiOnRydWV9:1rQ2hH:jo7mDVpafFoLU_3-Qo7ZwMFNpOE8C13JEyHOzZ-7tC0','2024-01-31 09:58:59.267431'),('c3ew40vuth2nvntih8nvzm1dprlo1a25','.eJxVjssKgzAURP8l6xJifNyky-77DWGu5mErBoyuSv-9ClJwe2bmMB-xFb-4cRB3exMO25rcnwgrLozRv_18BMMLc8yyz_O6jCyPijzTIp958NPj7F4ECSUd60br0LUVyFrNqHTdBkMMEBMMoWuUsgq6CR2gFJENqKlmNh6BjdmlY3FTjtHvZ9Zl898fpt1BuQ:1sBqPb:kNChbOtMaFroPcY0M2Xl2_ZcWdhoh7i0R6EoRmR88ew','2024-06-11 06:34:19.183302'),('cjq0wftug8o1ta8yfr4adjh6p5l91eeq','.eJxVjsEKgzAQRP8l5xK6GhPTY-9-Q9jNbtRWDBg9lf57FaTgdd6bYT5qK7KEkdUD4KYCbusQ_pECUJeQML5lPgi_cO6zjnlel5H0oeiTFt1llul5upeBAcuwt6m6k4sG2uiTsRYFKu89ty3Vzhpsmh1J4pTEsRciBuucMBpKjurmGB1LmHLfy35mXTb5_gAWEELy:1sOsH3:dzMDnLfhvRMbYwBhqxxrmJcRB4MXP-tXXFaXQxT-yws','2024-07-17 05:11:21.202886'),('copuz5qvczft3m3vvia6nrk0wxqb5xfm','eyJpc19sb2dnZWQiOnRydWV9:1rQLkQ:x8YmtC3t1QSVkWauTOXPRADVPsAQ0zUySmqN5h75bLw','2024-02-01 06:19:30.999826'),('dx7co1noixas67kyf044povg1kpel50v','eyJpc19sb2dnZWQiOnRydWV9:1rpn0j:VReAbXF3PA4CiMzbgD2gLYeD-UV6dsI-FcXRPsd4xRY','2024-04-11 10:29:29.674318'),('e7n2l0cswjbzgz7kjneqhel8jjynxm2d','.eJxVjs0KgzAQhN8l5xK2atxNj733GcJusv60YsDoqfTdqyCFXr-Z-Zi32YouYUzm5i4m8LYO4UeMM39MOL50PoL05LnPNuZ5XUaxR8WeabGPnHS6n90_wcBl2Ne-JQKsqlYxSWowdYRM7LmGK_laoAIFQiHpwAsiRKIo2DSJxTnBXTqWMOW-1_3Mumz6-QKVWUFs:1sN9nY:X1jVlioJLGiWL1-eavToWL4UFTOG_efIX9UmaGAsUCw','2024-07-12 11:29:48.700776'),('e8mad36tomzzxkgvex85l2z1lhjb2ssi','.eJxVjs0KgzAQhN8l5xK2atxNj733GcJusv60YsDoqfTdqyCFXr-Z-Zi32YouYUzm5i4m8LYO4UeMM39MOL50PoL05LnPNuZ5XUaxR8WeabGPnHS6n90_wcBl2Ne-JQKsqlYxSWowdYRM7LmGK_laoAIFQiHpwAsiRKIo2DSJxTnBXTqWMOW-1_3Mumz6-QKVWUFs:1sN9o5:9wm1seB1hekNw6FXVJQ8Q1cPZu4DwGWwX6d51hyAgPc','2024-07-12 11:30:21.034142'),('f4k55m42xnrop6etyh1ze8c7odxilj6r','.eJxVjs0KgzAQhN8l5xK2atxNj733GcJusv60YsDoqfTdqyCFXr-Z-Zi32YouYUzm5i4m8LYO4UeMM39MOL50PoL05LnPNuZ5XUaxR8WeabGPnHS6n90_wcBl2Ne-JQKsqlYxSWowdYRM7LmGK_laoAIFQiHpwAsiRKIo2DSJxTnBXTqWMOW-1_3Mumz6-QKVWUFs:1sN9nL:nUvgyXfvB5AY_gigWAk43JDL86Q5x5gL6-Nc59YJoQ4','2024-07-12 11:29:35.287115'),('f76ot449hhumel96y2g0n376k2ssg2sf','.eJxVjs0KgzAQhN8l5xK2atxNj733GcJusv60YsDoqfTdqyCFXr-Z-Zi32YouYUzm5i4m8LYO4UeMM39MOL50PoL05LnPNuZ5XUaxR8WeabGPnHS6n90_wcBl2Ne-JQKsqlYxSWowdYRM7LmGK_laoAIFQiHpwAsiRKIo2DSJxTnBXTqWMOW-1_3Mumz6-QKVWUFs:1sN9nj:wBow_I9xu76ghOiBspDvKlibTCd7ZETEN2XXubd4xdc','2024-07-12 11:29:59.257629'),('fyd881zp21z7d64lryie50ewf3ir4ytd','.eJxVjs0KgzAQhN8l5xK2atxNj733GcJusv60YsDoqfTdqyCFXr-Z-Zi32YouYUzm5i4m8LYO4UeMM39MOL50PoL05LnPNuZ5XUaxR8WeabGPnHS6n90_wcBl2Ne-JQKsqlYxSWowdYRM7LmGK_laoAIFQiHpwAsiRKIo2DSJxTnBXTqWMOW-1_3Mumz6-QKVWUFs:1sWCYh:CruYM1uPOoPPHS_GQVgO3oddfOjkjr9ocEP5COa5Rdo','2024-08-06 10:15:51.412733'),('fz1hev6ctrdscoc2y0bppp01uz182ulm','.eJxVjs0KgzAQhN8l5xK2atxNj733GcJusv60YsDoqfTdqyCFXr-Z-Zi32YouYUzm5i4m8LYO4UeMM39MOL50PoL05LnPNuZ5XUaxR8WeabGPnHS6n90_wcBl2Ne-JQKsqlYxSWowdYRM7LmGK_laoAIFQiHpwAsiRKIo2DSJxTnBXTqWMOW-1_3Mumz6-QKVWUFs:1sN9nR:jdPMK3KYoeTcRaKb6ZzcpwB7afNItOmvbDuV9fp_7uM','2024-07-12 11:29:41.822479'),('gbgupzhqeprl9tizqn2mfzj0miokg9ou','.eJxVjs0KgzAQhN8l5xK2atxNj733GcJusv60YsDoqfTdqyCFXr-Z-Zi32YouYUzm5i4m8LYO4UeMM39MOL50PoL05LnPNuZ5XUaxR8WeabGPnHS6n90_wcBl2Ne-JQKsqlYxSWowdYRM7LmGK_laoAIFQiHpwAsiRKIo2DSJxTnBXTqWMOW-1_3Mumz6-QKVWUFs:1rzcU3:w8YhPuqFIbSfHToc0ykNznTRJmlsJkT8HXWVx5WL9j8','2024-05-08 13:16:23.785701'),('gl2i2se3eh3ifl90ech8hs9v4nujhux2','.eJxVjs0KgzAQhN8l5xK2atxNj733GcJusv60YsDoqfTdqyCFXr-Z-Zi32YouYUzm5i4m8LYO4UeMM39MOL50PoL05LnPNuZ5XUaxR8WeabGPnHS6n90_wcBl2Ne-JQKsqlYxSWowdYRM7LmGK_laoAIFQiHpwAsiRKIo2DSJxTnBXTqWMOW-1_3Mumz6-QKVWUFs:1sN9nJ:ugT0coVKaGrIE7zjmPfUMbwV8pt0MYQqPSZXoIjWhAM','2024-07-12 11:29:33.815550'),('gnl8yztyvzmrn420eotyhzpt0xhgzgvn','.eJxVjs0KwyAQhN_Fc5Ho6ib22HufQXbV_LQhgian0ndvAqGQ6zczH_MRW03FT1HclbkJT9s6-j8SyogLZArvtBxJfNEyZBnyspaJ5VGRZ1rlM8c0P87uRTBSHfd1C2QhxNRpVsCM2CniFhoyJijbM-rW6cBK9z2Cs4bBAVvHaBoM2uEunaqf8zCk_cxatvT9AfG7QYE:1sjAXf:FK7RPC65ObC8c_ZTX46m00zusZpshzt2g6ftvr30jUc','2024-09-11 04:44:23.309695'),('gt4c92dn4kqop8roo4psk4k8u2jcsl8m','.eJxVjsEKgzAQRP8l5xK6GhPTY-9-Q9jNbtRWDBg9lf57FaTgdd6bYT5qK7KEkdUD4KYCbusQ_pECUJeQML5lPgi_cO6zjnlel5H0oeiTFt1llul5upeBAcuwt6m6k4sG2uiTsRYFKu89ty3Vzhpsmh1J4pTEsRciBuucMBpKjurmGB1LmHLfy35mXTb5_gAWEELy:1sI2Xv:wJd8oe_Xbu5i5AEkoXN4OuDStZO8da_MfDgIeny3tMA','2024-06-28 08:44:31.154110'),('hdgo9jsrn0nrllj1ijhwk0dt1fyh5y6p','eyJpc19sb2dnZWQiOnRydWV9:1ql4F0:zW28G5ghNDVXUtjBnUppGS4sqe3cAR5sneL0km3jbUc','2023-10-10 09:20:26.941583'),('ir0nv5akwomdrstwnu30o2vmfpsy9yqo','.eJxVjssKwyAURP_FdRGN8dVl9_0GUe_VpA0RYlyV_nsNhEK2Z2YO8yGt4uZmIHd9I863fXJ_QjS5sODjG9cjgJdfc6GxrPs2B3pU6JlW-iyAy-PsXgSTr1NfBz3iaBkEIaRIg0podYyotJQsKWMl59IAA58AmeB81MlyZr0xgxEohy6dq1tKztjP7FvD7w-d8UEQ:1rzXXY:wyRd1rTVjnsY7zVDh0ABsY8hvYTl1tPJ7PQRHbDN7Y8','2024-05-08 07:59:40.402730'),('j1vqc80m6mc7xns1n912v71r4ncv6lrb','.eJxVjksKgzAYhO-SdQlGEk267L5nCP8raisGjK5K794IUnA5M98M81F7kTVOrO7G3VSEfRvj31LGqYuJQG9ZjoRfsAxZU162dUJ9IPpMi35mlvlxspeBEcpY274PYlEIrTOGbRsa4B4AWCT1nbXkbWg4YejIoYhnwuS71LJPVSWqo1OJcx4GqWe2dZfvD1SuRBg:1semnL:faKE_Asbst8UjLnjxhyIk4hX-sbqRZTBVqTY1Thte1s','2024-08-30 02:34:27.236446'),('jshf4t0hu6f77pgix8z1bfz17q420yj3','.eJxVjsEKgzAQRP8l5xK6GhPTY-9-Q9jNbtRWDBg9lf57FaTgdd6bYT5qK7KEkdUD4KYCbusQ_pECUJeQML5lPgi_cO6zjnlel5H0oeiTFt1llul5upeBAcuwt6m6k4sG2uiTsRYFKu89ty3Vzhpsmh1J4pTEsRciBuucMBpKjurmGB1LmHLfy35mXTb5_gAWEELy:1sDxhN:l-DyIEaJcOJevy21hGludagjqczjMh-rV58yjn04xbc','2024-06-17 02:45:25.892231'),('k3n4w7nee3b1gn3jjrduaofa0a2yvui1','.eJxVjs0KgzAQhN8l5xK2atxNj733GcJusv60YsDoqfTdqyCFXr-Z-Zi32YouYUzm5i4m8LYO4UeMM39MOL50PoL05LnPNuZ5XUaxR8WeabGPnHS6n90_wcBl2Ne-JQKsqlYxSWowdYRM7LmGK_laoAIFQiHpwAsiRKIo2DSJxTnBXTqWMOW-1_3Mumz6-QKVWUFs:1sRp8l:-h37YkgD_0jN5_S69xsTVhVdoaCjKacwQvtgO0LvK84','2024-07-25 08:26:59.041855'),('kf7ilc1905qyn29q2vvs17yd30ukvf4n','.eJxVjssKgzAURP8l6xJifNyky-77DWGu5mErBoyuSv-9ClJwe2bmMB-xFb-4cRB3exMO25rcnwgrLozRv_18BMMLc8yyz_O6jCyPijzTIp958NPj7F4ECSUd60br0LUVyFrNqHTdBkMMEBMMoWuUsgq6CR2gFJENqKlmNh6BjdmlY3FTjtHvZ9Zl898fpt1BuQ:1sjC45:HjFhBPgYaNk3RBE-7GK8YsjarklUAkG-cx2NLruGbYo','2024-09-11 06:21:57.564054'),('lcuwnrk208ee2s679ao1m1wmwio0om4g','.eJxVjssKgzAURP8l6xJifNyky-77DWGu5mErBoyuSv-9ClJwe2bmMB-xFb-4cRB3exMO25rcnwgrLozRv_18BMMLc8yyz_O6jCyPijzTIp958NPj7F4ECSUd60br0LUVyFrNqHTdBkMMEBMMoWuUsgq6CR2gFJENqKlmNh6BjdmlY3FTjtHvZ9Zl898fpt1BuQ:1rzWaV:91b8M8x_XoGY1B_8qOS2jz4LHrKLnc6Wi2Pxz9rHOvg','2024-05-08 06:58:39.524328'),('lv33jr8723rt0pzbm0py7abltvs6ofq1','.eJxVjMsKgzAQRf8l6xLUmJfL7v2GMHFm1FYMGF2V_nsNSMHd5dzD-Ygj0xZmFF2tHiLAsU_hj0StxA1GGN60lgdfsI5JDmndtznKosjrzbJPSMvzcm-BCfJUujUr5rYySlsHFCOg5cYYdFq3hpE1OG8bJF0BsHeNdT7q1oE_WUUlOuewpHE8d7dvB31_Fi1ClA:1seABx:hUmrnf304RDY3im6y6bU1z8eL5Zl9u2Iy2BV-nShXcs','2024-08-28 09:21:17.124193'),('lwifm75qckpjcbbavk0xvfnk4j1ozn83','.eJxVjs0KgzAQhN8l5xK2atxNj733GcJusv60YsDoqfTdqyCFXr-Z-Zi32YouYUzm5i4m8LYO4UeMM39MOL50PoL05LnPNuZ5XUaxR8WeabGPnHS6n90_wcBl2Ne-JQKsqlYxSWowdYRM7LmGK_laoAIFQiHpwAsiRKIo2DSJxTnBXTqWMOW-1_3Mumz6-QKVWUFs:1sRTD0:Yo3NI85wzMVKp7w3yy63idj3ueIr02E47kICu0D-xw8','2024-07-24 09:01:54.524165'),('lzzibqiz3l3zvsp79b3k81fvhz02x1kg','.eJxVjksOgzAMRO-SdRW5ELDTZfc9Q2TH4dMiIhFYVb17QWLRbufNPM3bBN7WIWwlLWFUczONufxmwvGV5gPok-c-25jndRnFHhV70mIfWdN0P7t_goHLsK99SwRYVW1CFXWoHSETe67hSr4WqCABoZB04AURIlEUdE5ZmkZwl44lTLnv035mXbb0-QKvxT2i:1sgIHy:Kt7hqELW_2fcpxZLByKKK9gwLcLahr9q7zHDDjuyxsM','2024-09-03 06:24:18.460490'),('mqwhecsctl2ps4yqrojtfkvf69hd4fxz','.eJxVjsEKgzAQRP8l5xK6GhPTY-9-Q9jNbtRWDBg9lf57FaTgdd6bYT5qK7KEkdUD4KYCbusQ_pECUJeQML5lPgi_cO6zjnlel5H0oeiTFt1llul5upeBAcuwt6m6k4sG2uiTsRYFKu89ty3Vzhpsmh1J4pTEsRciBuucMBpKjurmGB1LmHLfy35mXTb5_gAWEELy:1ser3R:Ed2me3jzDQfJo1XsyjWH6QPMCqTQQBc9rRnyUNFZE9o','2024-08-30 07:07:21.028429'),('n30lclhbobebh1g0c0iinnea7vnin99k','.eJxVjs0KgzAQhN8l5xK2atxNj733GcJusv60YsDoqfTdqyCFXr-Z-Zi32YouYUzm5i4m8LYO4UeMM39MOL50PoL05LnPNuZ5XUaxR8WeabGPnHS6n90_wcBl2Ne-JQKsqlYxSWowdYRM7LmGK_laoAIFQiHpwAsiRKIo2DSJxTnBXTqWMOW-1_3Mumz6-QKVWUFs:1sN9nt:AiR-n0Hi6f5bj4QjbQ8r3azXrGlw5M162SeCeyaSsTY','2024-07-12 11:30:09.817650'),('n6cdzfnqh34g6q4i8ypdobij55894god','.eJxVjs0KgzAQhN8l5xK2atxNj733GcJusv60YsDoqfTdqyCFXr-Z-Zi32YouYUzm5i4m8LYO4UeMM39MOL50PoL05LnPNuZ5XUaxR8WeabGPnHS6n90_wcBl2Ne-JQKsqlYxSWowdYRM7LmGK_laoAIFQiHpwAsiRKIo2DSJxTnBXTqWMOW-1_3Mumz6-QKVWUFs:1sjcR2:HpHiaQJ37UispUvOm9XQQ7OHSq2iIWpB4iqhv7OZYAo','2024-09-12 10:31:24.450216'),('nexfqulikp4ustb8ffp7wejs84rmybv1','.eJxVjMsKgzAQRf8l6xLUmJfL7v2GMHFm1FYMGF2V_nsNSMHd5dzD-Ygj0xZmFF2tHiLAsU_hj0StxA1GGN60lgdfsI5JDmndtznKosjrzbJPSMvzcm-BCfJUujUr5rYySlsHFCOg5cYYdFq3hpE1OG8bJF0BsHeNdT7q1oE_WUUlOuewpHE8d7dvB31_Fi1ClA:1sdRBE:tNpGnA4JLq0nNyavNlGv1wcudRPsnQ0XSBpePA6HYIs','2024-08-26 09:17:32.968295'),('oaax3tzwwxrggeo6e66o2rm9h6ttwslt','.eJxVjsEKgzAQRP8l5xK6GhPTY-9-Q9jNbtRWDBg9lf57FaTgdd6bYT5qK7KEkdUD4KYCbusQ_pECUJeQML5lPgi_cO6zjnlel5H0oeiTFt1llul5upeBAcuwt6m6k4sG2uiTsRYFKu89ty3Vzhpsmh1J4pTEsRciBuucMBpKjurmGB1LmHLfy35mXTb5_gAWEELy:1s9GCw:Z0LfkU6z5e7BY3jyw2hQnvC_QbWbe1q-xKmC7U9O31A','2024-06-04 03:30:34.995215'),('odiacs7tphuecvl8esuzr6yzxe1dp3w3','.eJxVjsEKgzAQRP8l5xK6GhPTY-9-Q9jNbtRWDBg9lf57FaTgdd6bYT5qK7KEkdUD4KYCbusQ_pECUJeQML5lPgi_cO6zjnlel5H0oeiTFt1llul5upeBAcuwt6m6k4sG2uiTsRYFKu89ty3Vzhpsmh1J4pTEsRciBuucMBpKjurmGB1LmHLfy35mXTb5_gAWEELy:1sgwo2:ZPw__fWxbT3y69pfhgiFYfv3GeJzCHYDZ485NIhqPX0','2024-09-05 01:40:06.165658'),('onxd1jl2hhe2q77918606msyillsm9zk','.eJxVjs0KgzAQhN8l5xK2atxNj733GcJusv60YsDoqfTdqyCFXr-Z-Zi32YouYUzm5i4m8LYO4UeMM39MOL50PoL05LnPNuZ5XUaxR8WeabGPnHS6n90_wcBl2Ne-JQKsqlYxSWowdYRM7LmGK_laoAIFQiHpwAsiRKIo2DSJxTnBXTqWMOW-1_3Mumz6-QKVWUFs:1rzWPv:UFDa_jR5GcEerHgXPHeITlUP3P8Ndu4uwgSW3xJgOcc','2024-05-08 06:47:43.920057'),('pc4crn0jb3hlpfcmeeho5tw2pxlbnx79','.eJxVjsEKgzAQRP8l5xK6GhPTY-9-Q9jNbtRWDBg9lf57FaTgdd6bYT5qK7KEkdUD4KYCbusQ_pECUJeQML5lPgi_cO6zjnlel5H0oeiTFt1llul5upeBAcuwt6m6k4sG2uiTsRYFKu89ty3Vzhpsmh1J4pTEsRciBuucMBpKjurmGB1LmHLfy35mXTb5_gAWEELy:1sRRRD:XR2VlbTMBBwdEterTXCX1v5Ubuj8a2X7Yg9WppLqk-w','2024-07-24 07:08:27.412510'),('pvi0jm9lifaw6lv4ialzdnrjdqzsx3lb','.eJxVjssKwjAURP8lawnmHV269xvCzc1NWy0NJO1K_HdTKEK3c84M82FboxqmxO7CXliAbR3DP2LCslMYAd-07CS9YBkKx7KsdYp8V_hBG3-WRPPjcE8DI7Sxt41Dq0BdKUYQKluTKKPM2nsga6RTGbxHqclp6wUgasrS3FxS3TCR-ujUwlyGgfqZtW70_QEnF0K8:1se3Gb:hsEwAfAoOhUZ8mekAgNJmUc5iQh_-lnUKQx_RDKYltU','2024-08-28 01:57:37.241012'),('q8ivm6mfd7xdvbf2h9qzyqv969fbg1jq','.eJxVjs0KgzAQhN8l5xK2atxNj733GcJusv60YsDoqfTdqyCFXr-Z-Zi32YouYUzm5i4m8LYO4UeMM39MOL50PoL05LnPNuZ5XUaxR8WeabGPnHS6n90_wcBl2Ne-JQKsqlYxSWowdYRM7LmGK_laoAIFQiHpwAsiRKIo2DSJxTnBXTqWMOW-1_3Mumz6-QKVWUFs:1sGbyc:g3zj2LFu0gBqdHXf8qJjf6PxgKoC0nQ1y3Jimldi0_s','2024-06-24 10:10:10.641045'),('qa42p8tvm58a86o84l9p4n7onbk3tbe4','eyJpc19sb2dnZWQiOnRydWV9:1rCgXj:4ZXzx0khtjbjKSx8NFVYScObgggIJ48ZwmoHXxuznkE','2023-12-25 13:41:55.160464'),('r6ps3i7lsi0jyetix2sjhg5fv1vckp92','.eJxVjs0KgzAQhN8l5xK2atxNj733GcJusv60YsDoqfTdqyCFXr-Z-Zi32YouYUzm5i4m8LYO4UeMM39MOL50PoL05LnPNuZ5XUaxR8WeabGPnHS6n90_wcBl2Ne-JQKsqlYxSWowdYRM7LmGK_laoAIFQiHpwAsiRKIo2DSJxTnBXTqWMOW-1_3Mumz6-QKVWUFs:1sBva7:SqEMUj1qcjPEQlu08V1BiMjGaxzjakLB5fTnKzGjsDc','2024-06-11 12:05:31.640072'),('rcl622quw2zmvd8mq7u2npegvxmgqiqv','.eJxVjs0KgzAQhN8l5xK2atxNj733GcJusv60YsDoqfTdqyCFXr-Z-Zi32YouYUzm5i4m8LYO4UeMM39MOL50PoL05LnPNuZ5XUaxR8WeabGPnHS6n90_wcBl2Ne-JQKsqlYxSWowdYRM7LmGK_laoAIFQiHpwAsiRKIo2DSJxTnBXTqWMOW-1_3Mumz6-QKVWUFs:1sbbWx:mfZAtXtdsKUGqT7Tx0E-3YhYcJDAx60W2c4HGPiTiqc','2024-08-21 07:56:23.384442'),('rvodq313ktr12k79f88eh81j273m9cle','.eJxVjsEKgzAQRP8l5xK6GhPTY-9-Q9jNbtRWDBg9lf57FaTgdd6bYT5qK7KEkdUD4KYCbusQ_pECUJeQML5lPgi_cO6zjnlel5H0oeiTFt1llul5upeBAcuwt6m6k4sG2uiTsRYFKu89ty3Vzhpsmh1J4pTEsRciBuucMBpKjurmGB1LmHLfy35mXTb5_gAWEELy:1sHJGq:qkQF4G6d0y3w8o2veLdbp-6zHB-t-OHNfewEdk158Zc','2024-06-26 08:23:52.366633'),('se4ivg1qwrxhzi58kbu30jz9u4hn8gwq','.eJxVjs0KgzAQhN8l5xK2atxNj733GcJusv60YsDoqfTdqyCFXr-Z-Zi32YouYUzm5i4m8LYO4UeMM39MOL50PoL05LnPNuZ5XUaxR8WeabGPnHS6n90_wcBl2Ne-JQKsqlYxSWowdYRM7LmGK_laoAIFQiHpwAsiRKIo2DSJxTnBXTqWMOW-1_3Mumz6-QKVWUFs:1sZo8i:C4SamHH3NYX_3Jb1YkPp7wzO0lyEIlHrwHxwMb2Ln3Q','2024-08-16 08:59:56.418001'),('t6b1enymqdjr0x66flvek0hri5w07daq','.eJxVjssKgzAURP8l6xJifNyky-77DWGu5mErBoyuSv-9ClJwe2bmMB-xFb-4cRB3exMO25rcnwgrLozRv_18BMMLc8yyz_O6jCyPijzTIp958NPj7F4ECSUd60br0LUVyFrNqHTdBkMMEBMMoWuUsgq6CR2gFJENqKlmNh6BjdmlY3FTjtHvZ9Zl898fpt1BuQ:1rzbl4:9r8eXKNYLgpLnCVHja2NxV__lz7CsJ1QwWc0kpxu8TU','2024-05-08 12:29:54.360369'),('tc4ywtfvkaqf2mjp2ihgqhn8msr8bepp','.eJxVjsEKgzAQRP8l5xK6GhPTY-9-Q9jNbtRWDBg9lf57FaTgdd6bYT5qK7KEkdUD4KYCbusQ_pECUJeQML5lPgi_cO6zjnlel5H0oeiTFt1llul5upeBAcuwt6m6k4sG2uiTsRYFKu89ty3Vzhpsmh1J4pTEsRciBuucMBpKjurmGB1LmHLfy35mXTb5_gAWEELy:1sEgdT:_xtOMJTFRPrT2iOkyt6WaZJ5F4ZKL3weAQ_qeQH4OqM','2024-06-19 02:44:23.004655'),('tvf6qco03qcrtcsossv33lby7gyp1834','.eJxVjsEKgzAQRP8l5xK6GhPTY-9-Q9jNbtRWDBg9lf57FaTgdd6bYT5qK7KEkdUD4KYCbusQ_pECUJeQML5lPgi_cO6zjnlel5H0oeiTFt1llul5upeBAcuwt6m6k4sG2uiTsRYFKu89ty3Vzhpsmh1J4pTEsRciBuucMBpKjurmGB1LmHLfy35mXTb5_gAWEELy:1sYODz:xwVTz1Q6dC5xfepmawoQFSx51T_B7l40hzavFgxIn2E','2024-08-12 11:07:31.501724'),('u7j14ck1s8wypbgonn6p81urayo00mps','.eJxVjsEKgzAQRP8l5xK6GhPTY-9-Q9jNbtRWDBg9lf57FaTgdd6bYT5qK7KEkdUD4KYCbusQ_pECUJeQML5lPgi_cO6zjnlel5H0oeiTFt1llul5upeBAcuwt6m6k4sG2uiTsRYFKu89ty3Vzhpsmh1J4pTEsRciBuucMBpKjurmGB1LmHLfy35mXTb5_gAWEELy:1sm6N6:mhzafEqrPs720LYFOjRaQlh4pALKy9pkFR1xqXTEjnM','2024-09-19 06:53:36.847864'),('ujzzslxt2zw3ktv51m5vnkdh84ch5wel','eyJpc19sb2dnZWQiOnRydWV9:1qe84q:itmWq4-FqjBAFMy1jJhsTruN_Whpmjz-6nv8SJkN6mE','2023-09-21 06:01:16.344112'),('v86zsfo86koia9hjlnikvmfsn8l9hw6h','eyJpc19sb2dnZWQiOnRydWV9:1qQTIt:eR2b1YvQBRMOM8ILjZn_FwTS8u8T3LJg03a7vngnr10','2023-08-14 13:51:19.315931'),('wimouoocbxyxj69w1549ahvr99wioc0h','.eJxVjs0KgzAQhN8l5xK2atxNj733GcJusv60YsDoqfTdqyCFXr-Z-Zi32YouYUzm5i4m8LYO4UeMM39MOL50PoL05LnPNuZ5XUaxR8WeabGPnHS6n90_wcBl2Ne-JQKsqlYxSWowdYRM7LmGK_laoAIFQiHpwAsiRKIo2DSJxTnBXTqWMOW-1_3Mumz6-QKVWUFs:1sI2DN:43GQEXz4pNou5eHweSzi3QgsgwxMwqEKMq02gjMBnKA','2024-06-28 08:23:17.399335'),('x76u5zrxo3p7p8jj7trna8y5mnqlnsy1','.eJxVjs0KwyAQhN_FcxE3u1rbY-99BnF189OGCDE5lb57EwiFXL-Z-ZiPWqvMYcjqDv6iQlyXPvyRAq9OkGN6y7Qn-RWnruhUpmUeWO8VfaRVP0uW8XF0T4I-1n5be9OKd3wlIeMSJmCfI6IzFjxIYmPJcBIjHhqLTO4mFoEyttQQImzSoYaxdJ1sZ5Z5le8P7B1BRQ:1sePGb:nRriF3PyyZK5ejkC8YXjrGVJASmTs8aJK1E5hub81Gk','2024-08-29 01:27:05.707959'),('xfd43zyznry7w2jommvz9q3176wdhdg3','eyJpc19sb2dnZWQiOnRydWV9:1rp12C:dsTJUg2V23APlD0d6DVUJjhdYjtBkFl0EnuNUK9KLM0','2024-04-09 07:15:48.102020'),('ygdueqiwghfkdnng0j463umj57e012sd','.eJxVjs0KgzAQhN8l5xK2atxNj733GcJusv60YsDoqfTdqyCFXr-Z-Zi32YouYUzm5i4m8LYO4UeMM39MOL50PoL05LnPNuZ5XUaxR8WeabGPnHS6n90_wcBl2Ne-JQKsqlYxSWowdYRM7LmGK_laoAIFQiHpwAsiRKIo2DSJxTnBXTqWMOW-1_3Mumz6-QKVWUFs:1sBqOR:vb0VVXTBNf4DDZfeTUk-eewIc8UQrdBPe3eXoCzJZ3g','2024-06-11 06:33:07.319133'),('yqs9vrnya4zhy7snz0njiq15jya14ysb','.eJxVjsEKgzAQRP8l5xK6GhPTY-9-Q9jNbtRWDBg9lf57FaTgdd6bYT5qK7KEkdUD4KYCbusQ_pECUJeQML5lPgi_cO6zjnlel5H0oeiTFt1llul5upeBAcuwt6m6k4sG2uiTsRYFKu89ty3Vzhpsmh1J4pTEsRciBuucMBpKjurmGB1LmHLfy35mXTb5_gAWEELy:1sj7ka:0VVLnC7Wstv4fEsnXb0bBznznyMaEkXy2nV0x6Bu64k','2024-09-11 01:45:32.673573'),('yv3buyl4gcsjnzt1xnwsox54t16t5twe','.eJxVjkEKgzAQRe-SdQlNxphOl933DGEmmaitGDC6Kr17FaTg9v3H43_UWmUOQ1J3Yy8q0Lr04Y-UseoEmeJbpn1JL5q6omOZlnlgvSv6WKt-liTj43BPgZ5qv3eFsG1NRGDOnlxjLQFahpQbk8m7CIa4ceaKSA5yBL6BeO-SA4-Yt-hQw1i6TrYzy7zK9wf9-0Hq:1sdOTS:Zz7VZDDUyP_ZDw4yonmBMh7v4SLmPwx-kWYPkPA5GnU','2024-08-26 06:24:10.816956');
/*!40000 ALTER TABLE `django_session` ENABLE KEYS */;
UNLOCK TABLES;

--
-- Table structure for table `password_reset_temp`
--

DROP TABLE IF EXISTS `password_reset_temp`;
/*!40101 SET @saved_cs_client     = @@character_set_client */;
/*!40101 SET character_set_client = utf8 */;
CREATE TABLE `password_reset_temp` (
  `email` varchar(250) DEFAULT NULL,
  `key_tem` varchar(250) DEFAULT NULL,
  `expDate` timestamp NULL DEFAULT CURRENT_TIMESTAMP
) ENGINE=InnoDB DEFAULT CHARSET=latin1;
/*!40101 SET character_set_client = @saved_cs_client */;

--
-- Dumping data for table `password_reset_temp`
--

LOCK TABLES `password_reset_temp` WRITE;
/*!40000 ALTER TABLE `password_reset_temp` DISABLE KEYS */;
INSERT INTO `password_reset_temp` VALUES ('pranit.dudhane@brand-scapes.com','373802bc607d1d30c8d9f5a20f3937b3','2023-09-22 06:32:30'),('pranit.dudhane@brand-scapes.com','373802bc607d1d30c8d9f5a20f3937b3','2023-09-25 14:39:10'),('pranit.dudhane@brand-scapes.com','373802bc607d1d30c8d9f5a20f3937b3','2023-09-25 14:40:55'),('pranit.dudhane@brand-scapes.com','373802bc607d1d30c8d9f5a20f3937b3','2023-09-25 14:43:18'),('pranit.dudhane@brand-scapes.com','373802bc607d1d30c8d9f5a20f3937b3','2023-09-25 14:48:06'),('pranit.dudhane@brand-scapes.com','373802bc607d1d30c8d9f5a20f3937b3','2023-09-25 14:48:22'),('pranit.dudhane@brand-scapes.com','373802bc607d1d30c8d9f5a20f3937b3','2023-09-26 06:19:47'),('pranit.dudhane@brand-scapes.com','373802bc607d1d30c8d9f5a20f3937b3','2023-09-29 12:43:51');
/*!40000 ALTER TABLE `password_reset_temp` ENABLE KEYS */;
UNLOCK TABLES;

--
-- Table structure for table `user_table_view_history`
--

DROP TABLE IF EXISTS `user_table_view_history`;
/*!40101 SET @saved_cs_client     = @@character_set_client */;
/*!40101 SET character_set_client = utf8 */;
CREATE TABLE `user_table_view_history` (
  `id` int(11) NOT NULL AUTO_INCREMENT,
  `user_id` int(11) DEFAULT NULL,
  `username` varchar(100) DEFAULT NULL,
  `add_to_favourite_name` varchar(200) DEFAULT NULL,
  `row_variable` longtext CHARACTER SET utf8mb4 COLLATE utf8mb4_bin,
  `column_variable` longtext CHARACTER SET utf8mb4 COLLATE utf8mb4_bin,
  `other_variable` longtext CHARACTER SET utf8mb4 COLLATE utf8mb4_bin,
  `filename` varchar(100) DEFAULT NULL,
  `database_name` varchar(100) DEFAULT NULL,
  `timestamp` datetime(6) DEFAULT NULL,
  `json_data` longtext,
  `filters_data` longtext CHARACTER SET utf8mb4 COLLATE utf8mb4_bin,
  `facts_selected_values` text CHARACTER SET utf8mb4 COLLATE utf8mb4_bin,
  `time_range` varchar(50) DEFAULT NULL,
  `row_variable_html` text,
  `column_variable_html` text,
  `other_variable_html` text,
  `selected_time_period` varchar(50) DEFAULT NULL,
  `comparative_time_period` varchar(50) DEFAULT NULL,
  `currency` varchar(50) DEFAULT NULL,
  PRIMARY KEY (`id`)
) ENGINE=InnoDB AUTO_INCREMENT=79 DEFAULT CHARSET=utf8mb4;
/*!40101 SET character_set_client = @saved_cs_client */;

--
-- Dumping data for table `user_table_view_history`
--

LOCK TABLES `user_table_view_history` WRITE;
/*!40000 ALTER TABLE `user_table_view_history` DISABLE KEYS */;
INSERT INTO `user_table_view_history` VALUES (38,2,'admin','222','[\"Country\"]','[\"Category\"]','[\"Channel\",\"e-platform\"]','Multichannel_BR_Q12020_to_Q12024','Multichannel','2024-06-20 17:17:18.353732',NULL,'[{\"Country\": [\"Taiwan\", \"Thailand\", \"Korea\", \"Singapore\", \"Indonesia\", \"Vietnam\", \"Philippines\", \"Malaysia\"], \"Category\": [\"Skincare\", \"Make-up\", \"Fragrance\"], \"Channel\": [\"Standalone Boutiques\", \"E-Commerce\", \"Specialty Stores\", \"Department Stores\"], \"e-platform\": [\"29CM\", \"DS.com\", \"Mpointmall\", \"Tiktok\", \"Shopee\", \"TenbyTen\", \"Blibli\", \"Brandi\", \"All platforms\", \"Yahoo\", \"Brand website\", \"e-Sephora (All platforms)\", \"Gmarket\", \"Hermo\", \"JD\", \"Hiver\", \"Queenit\", \"Kolonmall\", \"MUSINSA\", \"Momo\", \"Golfing\", \"TodayHouse\", \"Grip\", \"books.com.tw\", \"AP MALL\", \"Zalora\", \"Seoulstore\", \"One Shop\", \"ABLY\", \"MUST IT\", \"Market Kurly\", \"Istyle\", \"11st\", \"Phone Order Home Delivery/Click & Collect\", \"CEOBeaute\", \"Naver\", \"Hwahae\", \"S.I.Village\", \"Interpark\", \"Line\", \"Kakao\", \"SSF SHOP\", \"WEMAKEPRICE\", \"Zigzag\", \"Lazada\", \"Tokopedia\", \"TICKET MONSTER\", \"Chat & Shop\", \"W Concept\", \"PChome\", \"Sociolla\", \"Not Available\", \"Cornerstone204\", \"Coupang\", \"Other platforms\", \"Marais\"]}]',NULL,NULL,NULL,NULL,NULL,NULL,NULL,NULL),(39,1,'admin','88','[\"Country\"]','[\"Category\"]','[\"Channel\",\"e-platform\"]','Multichannel_BR_Q12020_to_Q12024','Multichannel','2024-06-20 17:20:51.163486',NULL,'[{\"Country\": [\"Korea\", \"Indonesia\", \"Singapore\", \"Philippines\", \"Thailand\", \"Taiwan\", \"Malaysia\", \"Vietnam\"], \"Category\": [\"Skincare\", \"Make-up\", \"Fragrance\"], \"Channel\": [\"E-Commerce\", \"Specialty Stores\", \"Standalone Boutiques\", \"Department Stores\"], \"e-platform\": [\"S.I.Village\", \"Yahoo\", \"Gmarket\", \"ABLY\", \"Shopee\", \"Tiktok\", \"29CM\", \"Marais\", \"W Concept\", \"Brandi\", \"TodayHouse\", \"Momo\", \"Hiver\", \"PChome\", \"JD\", \"CEOBeaute\", \"TICKET MONSTER\", \"books.com.tw\", \"Market Kurly\", \"Kakao\", \"AP MALL\", \"One Shop\", \"Golfing\", \"Zalora\", \"Cornerstone204\", \"Phone Order Home Delivery/Click & Collect\", \"Interpark\", \"Lazada\", \"TenbyTen\", \"Not Available\", \"WEMAKEPRICE\", \"Mpointmall\", \"DS.com\", \"Zigzag\", \"Line\", \"11st\", \"Brand website\", \"Blibli\", \"Chat & Shop\", \"SSF SHOP\", \"Queenit\", \"Naver\", \"Grip\", \"Hwahae\", \"All platforms\", \"Coupang\", \"Sociolla\", \"Hermo\", \"Istyle\", \"Seoulstore\", \"MUSINSA\", \"Other platforms\", \"Kolonmall\", \"Tokopedia\", \"e-Sephora (All platforms)\", \"MUST IT\"]}]','{\"Sales (M JPY)\": [\"Sales (M JPY)_QUARTER Q1 2024 Rank\", \"Sales (M JPY)_QUARTER Q1 2024\", \"Sales (M JPY)_GR% vs QUARTER Q1 2023\"], \"Sales (M EUR)\": [\"Sales (M EUR)_QUARTER Q1 2024 Rank\", \"Sales (M EUR)_QUARTER Q1 2024\", \"Sales (M EUR)_GR% vs QUARTER Q1 2023\"]}',NULL,NULL,NULL,NULL,NULL,NULL,NULL),(69,11,'Sales','Test 1','[\"Market\"]','[\"Group\"]','[\"Brand\"]','Multichannel_BR_Q12020_to_Q12024','Multichannel','2024-06-28 08:52:50.133778','{\"status\":200,\"row_length\":\"row_length\",\"column_length\":\"column_length\",\"rowcount_dict\":\"rowcount_dict\",\"columncount_dict\":\"columncount_dict\",\"df_cross_json\":{\"columns\":[[\"Group\",\"AmorePacific\",\"Sales (M EUR)_ Q1 2024 Rank\"],[\"Group\",\"AmorePacific\",\"Sales (M EUR)_ Q1 2024\"],[\"Group\",\"AmorePacific\",\"Sales (M EUR)_GR% vs  Q1 2023\"],[\"Group\",\"AmorePacific\",\"Sales (M JPY)_ Q1 2024 Rank\"],[\"Group\",\"AmorePacific\",\"Sales (M JPY)_ Q1 2024\"],[\"Group\",\"AmorePacific\",\"Sales (M JPY)_GR% vs  Q1 2023\"],[\"Group\",\"Chanel\",\"Sales (M EUR)_ Q1 2024 Rank\"],[\"Group\",\"Chanel\",\"Sales (M EUR)_ Q1 2024\"],[\"Group\",\"Chanel\",\"Sales (M EUR)_GR% vs  Q1 2023\"],[\"Group\",\"Chanel\",\"Sales (M JPY)_ Q1 2024 Rank\"],[\"Group\",\"Chanel\",\"Sales (M JPY)_ Q1 2024\"],[\"Group\",\"Chanel\",\"Sales (M JPY)_GR% vs  Q1 2023\"],[\"Group\",\"Clarins\",\"Sales (M EUR)_ Q1 2024 Rank\"],[\"Group\",\"Clarins\",\"Sales (M EUR)_ Q1 2024\"],[\"Group\",\"Clarins\",\"Sales (M EUR)_GR% vs  Q1 2023\"],[\"Group\",\"Clarins\",\"Sales (M JPY)_ Q1 2024 Rank\"],[\"Group\",\"Clarins\",\"Sales (M JPY)_ Q1 2024\"],[\"Group\",\"Clarins\",\"Sales (M JPY)_GR% vs  Q1 2023\"],[\"Group\",\"Coty Luxury\",\"Sales (M EUR)_ Q1 2024 Rank\"],[\"Group\",\"Coty Luxury\",\"Sales (M EUR)_ Q1 2024\"],[\"Group\",\"Coty Luxury\",\"Sales (M EUR)_GR% vs  Q1 2023\"],[\"Group\",\"Coty Luxury\",\"Sales (M JPY)_ Q1 2024 Rank\"],[\"Group\",\"Coty Luxury\",\"Sales (M JPY)_ Q1 2024\"],[\"Group\",\"Coty Luxury\",\"Sales (M JPY)_GR% vs  Q1 2023\"],[\"Group\",\"E. Arden\",\"Sales (M EUR)_ Q1 2024 Rank\"],[\"Group\",\"E. Arden\",\"Sales (M EUR)_ Q1 2024\"],[\"Group\",\"E. Arden\",\"Sales (M EUR)_GR% vs  Q1 2023\"],[\"Group\",\"E. Arden\",\"Sales (M JPY)_ Q1 2024 Rank\"],[\"Group\",\"E. Arden\",\"Sales (M JPY)_ Q1 2024\"],[\"Group\",\"E. Arden\",\"Sales (M JPY)_GR% vs  Q1 2023\"],[\"Group\",\"Hermes\",\"Sales (M EUR)_ Q1 2024 Rank\"],[\"Group\",\"Hermes\",\"Sales (M EUR)_ Q1 2024\"],[\"Group\",\"Hermes\",\"Sales (M EUR)_GR% vs  Q1 2023\"],[\"Group\",\"Hermes\",\"Sales (M JPY)_ Q1 2024 Rank\"],[\"Group\",\"Hermes\",\"Sales (M JPY)_ Q1 2024\"],[\"Group\",\"Hermes\",\"Sales (M JPY)_GR% vs  Q1 2023\"],[\"Group\",\"Juliette has a gun\",\"Sales (M EUR)_ Q1 2024 Rank\"],[\"Group\",\"Juliette has a gun\",\"Sales (M EUR)_ Q1 2024\"],[\"Group\",\"Juliette has a gun\",\"Sales (M EUR)_GR% vs  Q1 2023\"],[\"Group\",\"Juliette has a gun\",\"Sales (M JPY)_ Q1 2024 Rank\"],[\"Group\",\"Juliette has a gun\",\"Sales (M JPY)_ Q1 2024\"],[\"Group\",\"Juliette has a gun\",\"Sales (M JPY)_GR% vs  Q1 2023\"],[\"Group\",\"Kose\",\"Sales (M EUR)_ Q1 2024 Rank\"],[\"Group\",\"Kose\",\"Sales (M EUR)_ Q1 2024\"],[\"Group\",\"Kose\",\"Sales (M EUR)_GR% vs  Q1 2023\"],[\"Group\",\"Kose\",\"Sales (M JPY)_ Q1 2024 Rank\"],[\"Group\",\"Kose\",\"Sales (M JPY)_ Q1 2024\"],[\"Group\",\"Kose\",\"Sales (M JPY)_GR% vs  Q1 2023\"],[\"Group\",\"L\'Occitane\",\"Sales (M EUR)_ Q1 2024 Rank\"],[\"Group\",\"L\'Occitane\",\"Sales (M EUR)_ Q1 2024\"],[\"Group\",\"L\'Occitane\",\"Sales (M EUR)_GR% vs  Q1 2023\"],[\"Group\",\"L\'Occitane\",\"Sales (M JPY)_ Q1 2024 Rank\"],[\"Group\",\"L\'Occitane\",\"Sales (M JPY)_ Q1 2024\"],[\"Group\",\"L\'Occitane\",\"Sales (M JPY)_GR% vs  Q1 2023\"],[\"Group\",\"L\'Oreal Luxe\",\"Sales (M EUR)_ Q1 2024 Rank\"],[\"Group\",\"L\'Oreal Luxe\",\"Sales (M EUR)_ Q1 2024\"],[\"Group\",\"L\'Oreal Luxe\",\"Sales (M EUR)_GR% vs  Q1 2023\"],[\"Group\",\"L\'Oreal Luxe\",\"Sales (M JPY)_ Q1 2024 Rank\"],[\"Group\",\"L\'Oreal Luxe\",\"Sales (M JPY)_ Q1 2024\"],[\"Group\",\"L\'Oreal Luxe\",\"Sales (M JPY)_GR% vs  Q1 2023\"],[\"Group\",\"LVMH\",\"Sales (M EUR)_ Q1 2024 Rank\"],[\"Group\",\"LVMH\",\"Sales (M EUR)_ Q1 2024\"],[\"Group\",\"LVMH\",\"Sales (M EUR)_GR% vs  Q1 2023\"],[\"Group\",\"LVMH\",\"Sales (M JPY)_ Q1 2024 Rank\"],[\"Group\",\"LVMH\",\"Sales (M JPY)_ Q1 2024\"],[\"Group\",\"LVMH\",\"Sales (M JPY)_GR% vs  Q1 2023\"],[\"Group\",\"LVMH Others\",\"Sales (M EUR)_ Q1 2024 Rank\"],[\"Group\",\"LVMH Others\",\"Sales (M EUR)_ Q1 2024\"],[\"Group\",\"LVMH Others\",\"Sales (M EUR)_GR% vs  Q1 2023\"],[\"Group\",\"LVMH Others\",\"Sales (M JPY)_ Q1 2024 Rank\"],[\"Group\",\"LVMH Others\",\"Sales (M JPY)_ Q1 2024\"],[\"Group\",\"LVMH Others\",\"Sales (M JPY)_GR% vs  Q1 2023\"],[\"Group\",\"La Prairie\",\"Sales (M EUR)_ Q1 2024 Rank\"],[\"Group\",\"La Prairie\",\"Sales (M EUR)_ Q1 2024\"],[\"Group\",\"La Prairie\",\"Sales (M EUR)_GR% vs  Q1 2023\"],[\"Group\",\"La Prairie\",\"Sales (M JPY)_ Q1 2024 Rank\"],[\"Group\",\"La Prairie\",\"Sales (M JPY)_ Q1 2024\"],[\"Group\",\"La Prairie\",\"Sales (M JPY)_GR% vs  Q1 2023\"],[\"Group\",\"Lauder\",\"Sales (M EUR)_ Q1 2024 Rank\"],[\"Group\",\"Lauder\",\"Sales (M EUR)_ Q1 2024\"],[\"Group\",\"Lauder\",\"Sales (M EUR)_GR% vs  Q1 2023\"],[\"Group\",\"Lauder\",\"Sales (M JPY)_ Q1 2024 Rank\"],[\"Group\",\"Lauder\",\"Sales (M JPY)_ Q1 2024\"],[\"Group\",\"Lauder\",\"Sales (M JPY)_GR% vs  Q1 2023\"],[\"Group\",\"P&amp;G\",\"Sales (M EUR)_ Q1 2024 Rank\"],[\"Group\",\"P&amp;G\",\"Sales (M EUR)_ Q1 2024\"],[\"Group\",\"P&amp;G\",\"Sales (M EUR)_GR% vs  Q1 2023\"],[\"Group\",\"P&amp;G\",\"Sales (M JPY)_ Q1 2024 Rank\"],[\"Group\",\"P&amp;G\",\"Sales (M JPY)_ Q1 2024\"],[\"Group\",\"P&amp;G\",\"Sales (M JPY)_GR% vs  Q1 2023\"],[\"Group\",\"Puig\",\"Sales (M EUR)_ Q1 2024 Rank\"],[\"Group\",\"Puig\",\"Sales (M EUR)_ Q1 2024\"],[\"Group\",\"Puig\",\"Sales (M EUR)_GR% vs  Q1 2023\"],[\"Group\",\"Puig\",\"Sales (M JPY)_ Q1 2024 Rank\"],[\"Group\",\"Puig\",\"Sales (M JPY)_ Q1 2024\"],[\"Group\",\"Puig\",\"Sales (M JPY)_GR% vs  Q1 2023\"],[\"Group\",\"Shiseido\",\"Sales (M EUR)_ Q1 2024 Rank\"],[\"Group\",\"Shiseido\",\"Sales (M EUR)_ Q1 2024\"],[\"Group\",\"Shiseido\",\"Sales (M EUR)_GR% vs  Q1 2023\"],[\"Group\",\"Shiseido\",\"Sales (M JPY)_ Q1 2024 Rank\"],[\"Group\",\"Shiseido\",\"Sales (M JPY)_ Q1 2024\"],[\"Group\",\"Shiseido\",\"Sales (M JPY)_GR% vs  Q1 2023\"],[\"Group\",\"_\",\"Sales (M EUR)_ Q1 2024 Rank\"],[\"Group\",\"_\",\"Sales (M EUR)_ Q1 2024\"],[\"Group\",\"_\",\"Sales (M EUR)_GR% vs  Q1 2023\"],[\"Group\",\"_\",\"Sales (M JPY)_ Q1 2024 Rank\"],[\"Group\",\"_\",\"Sales (M JPY)_ Q1 2024\"],[\"Group\",\"_\",\"Sales (M JPY)_GR% vs  Q1 2023\"],[\"Group\",\"Grand Total\",\"Sales (M EUR)_ Q1 2024 Rank\"],[\"Group\",\"Grand Total\",\"Sales (M EUR)_ Q1 2024\"],[\"Group\",\"Grand Total\",\"Sales (M EUR)_GR% vs  Q1 2023\"],[\"Group\",\"Grand Total\",\"Sales (M JPY)_ Q1 2024 Rank\"],[\"Group\",\"Grand Total\",\"Sales (M JPY)_ Q1 2024\"],[\"Group\",\"Grand Total\",\"Sales (M JPY)_GR% vs  Q1 2023\"]],\"index\":[[\"Market\",\"Indonesia\"],[\"Market\",\"Korea\"],[\"Market\",\"Malaysia\"],[\"Market\",\"Philippines\"],[\"Market\",\"Singapore\"],[\"Market\",\"Taiwan\"],[\"Market\",\"Thailand\"],[\"Market\",\"Vietnam\"],[\"Market\",\"Grand Total\"]],\"data\":[[\"5 (?1)\",3.120529433,16.4955346107,\"5 (?1)\",452.476777085,16.4955368927,\"7\",3.01813989,15.3636475713,\"7\",437.630284,15.3636475946,\"6\",1.682040739,24.6020416076,\"6\",243.895907199,24.6020417383,\"6\",1.383793635,49.2974767796,\"6\",200.650077262,49.2974766677,\"5\",0,0,\"5\",0,0,\"7\",0,0,\"7\",0,0,\"5 (?1)\",0,0,\"5 (?1)\",0,0,\"5\",0,0,\"5\",0,0,\"7\",0,0,\"7\",0,0,\"7\",8.713593109,15.5483028231,\"7\",1263.471000805,15.5483028511,\"6\",5.013233553,8.8833997406,\"6\",726.918868285,8.8834001911,\"6\",0,0,\"6\",0,0,\"7\",0,0,\"7\",0,0,\"7\",6.102223289,-3.8085312582,\"7\",884.82237662,-3.8085313315,\"3\",4.956716657,-8.9606090977,\"3\",718.72391515,-8.9606091123,\"8 (?1)\",0,-100,\"8 (?1)\",0,-100,\"8\",2.226509191,-5.033129441,\"8\",322.84383274,-5.0331294152,\"6\",0,0,\"6\",0,0,\"6\",36.216779496,5.3190074316,\"6\",5251.433039146,5.3190076681],[\"1\",105.946053996,7.3676186465,\"1\",15362.177822356,7.3676186524,\"1\",78.306490396,9.1028023788,\"1\",11354.4411068,9.1028023855,\"3\",4.919807919,20.2990370693,\"3\",713.372148262,20.2990371005,\"1\",4.836971327,9.3728251359,\"1\",701.360843464,9.3728252707,\"1\",3.192467427,-4.8305476078,\"1\",462.907777,-4.8305475904,\"1\",3.809811315,11.3219979326,\"1\",552.42264049,11.3219979043,\"0 (?4)\",0.097197321,0,\"0 (?4)\",14.0936116,0,\"--\",1.192067957,38.3048622919,\"--\",172.849854,38.3048623859,\"1\",15.782200237,-16.9499710294,\"1\",2288.419034362,-16.9499710409,\"1\",110.08835055,4.8215338831,\"1\",15962.81083102,4.8215338972,\"1\",104.002885424,17.3118197917,\"1\",15080.418386158,17.3118198511,\"1 (?5)\",0.764614552,0,\"1 (?5)\",110.86911,0,\"1\",4.920228954,-7.1451884316,\"1\",713.433198342,-7.1451884276,\"1\",121.717626289,2.3559225221,\"1\",17649.055807362,2.3559225309,\"2\",5.888259062,-4.2633375325,\"2\",853.797564,-4.263337527,\"1\",11.597192648,-2.2227783031,\"1\",1681.5929282,-2.2227786285,\"3\",14.842869365,6.7991753539,\"3\",2152.216057758,6.7991753311,\"6\",0,0,\"6\",0,0,\"1\",591.905094739,6.5714173803,\"1\",85826.238721174,6.5714173891],[\"4\",3.426898422,12.7617611174,\"4\",496.900271,12.7617625648,\"3 (?1)\",19.041968496,96.6363317334,\"3 (?1)\",2761.085432,96.6363317447,\"4 (?1)\",3.716929076,46.9386533668,\"4 (?1)\",538.954716,46.9386533914,\"3\",3.826899546,21.5636166503,\"3\",554.900434,21.5636152468,\"5\",0,0,\"5\",0,0,\"5\",0.462411394,-3.743179993,\"5\",67.049652,-3.7431798549,\"5 (?1)\",0,0,\"5 (?1)\",0,0,\"5\",0,0,\"5\",0,0,\"3\",5.425438063,14.9652887902,\"3\",786.688519,14.9652875903,\"3\",28.143198426,15.9815557036,\"3\",4080.763771,15.9815556669,\"4 (?1)\",19.527545027,20.6514470642,\"4 (?1)\",2831.494027,20.6514472898,\"6\",0,0,\"6\",0,0,\"5\",0.754014924,-18.2857553433,\"5\",109.332164,-18.2857553283,\"5\",18.907161251,6.5465745717,\"5\",2741.538382,6.546574771,\"5\",3.6340928,-0.1845105654,\"5\",526.943456,-0.1845105861,\"5\",1.278781211,36.3902559309,\"5\",185.423276,36.3902563141,\"5 (?1)\",4.79313038,9.5158874971,\"5 (?1)\",695.003911,9.5158884285,\"3\",10.071317414,11.1511187664,\"3\",1460.341025,11.1511187836,\"4 (?1)\",123.00978643,22.1127044075,\"4 (?1)\",17836.419036,22.112704466],[\"8\",0,0,\"8\",0,0,\"8\",1.111288155,10.2268897068,\"8\",161.1367825,10.2268896937,\"7 (?1)\",0.319806828,0.9937398134,\"7 (?1)\",46.37199,0.9937394518,\"5\",2.162709499,25.7708093812,\"5\",313.5928775,25.7708096386,\"5\",0,0,\"5\",0,0,\"7\",0,0,\"7\",0,0,\"5 (?1)\",0,0,\"5 (?1)\",0,0,\"5\",0,0,\"5\",0,0,\"7\",0,0,\"7\",0,0,\"6\",10.155028534,18.0381635494,\"6\",1472.4791375,18.0381635375,\"8 (?1)\",4.218317286,1.9736554008,\"8 (?1)\",611.6559975,1.973654769,\"6\",0,0,\"6\",0,0,\"7\",0,0,\"7\",0,0,\"6\",9.892094947,12.0310351234,\"6\",1434.3537675,12.0310350263,\"8 (?1)\",0,0,\"8 (?1)\",0,0,\"6\",0.699822257,-2.5374529463,\"6\",101.4742275,-2.5374527721,\"7\",2.807204345,15.6672492444,\"7\",407.04463,15.6672513474,\"6\",0,0,\"6\",0,0,\"7\",31.366271851,12.9947892706,\"7\",4548.10941,12.9947893494],[\"3\",4.777638236,0.9761326213,\"3\",692.7575442,0.976131881,\"5\",9.835498414,4.5524653397,\"5\",1426.14727,4.5524653486,\"5 (?1)\",3.003694525,-1.9289045572,\"5 (?1)\",435.535706,-1.9289045776,\"4\",3.528588334,17.0778960014,\"4\",511.64530854,17.0778943602,\"5\",0,0,\"5\",0,0,\"4\",0.935685153,1.6834499637,\"4\",135.67434701,1.6834499888,\"5 (?1)\",0,0,\"5 (?1)\",0,0,\"5\",0,0,\"5\",0,0,\"5\",2.038600151,0.9654407743,\"5\",295.597022,0.9654408619,\"4 (?1)\",24.452793729,18.2053414774,\"4 (?1)\",3545.65509152,18.2053414547,\"5 (?1)\",18.332204446,1.9945089828,\"5 (?1)\",2658.16964284,1.9945089061,\"3 (?1)\",0.388122761,35.274597952,\"3 (?1)\",56.27780023,35.2745976756,\"3\",2.466604932,3.7793452131,\"3\",357.657715,3.7793451785,\"4\",22.098162081,9.3273821697,\"4\",3204.23349827,9.3273822673,\"6\",2.971217282,-12.406524439,\"6\",430.82650583,-12.4065244476,\"4\",1.639581467,7.1128419695,\"4\",237.73931301,7.1128420879,\"4\",7.32529518,5.7142986877,\"4\",1062.16780128,5.7142986751,\"1\",15.873932372,5.236230956,\"1\",2301.72019424,5.2362309693,\"5 (?1)\",119.667619063,7.2023628791,\"5 (?1)\",17351.80475997,7.2023628095],[\"7 (?2)\",2.955626046,9.8316433387,\"7 (?2)\",428.5657772,9.831641977,\"2\",22.844131503,6.4344628763,\"2\",3312.399068,6.4344628826,\"2\",6.633736257,1.7933955615,\"2\",961.8917572,1.7933955584,\"8\",0,0,\"8\",0,0,\"2\",1.871580177,0.4911231897,\"2\",271.3791256,0.4911231563,\"2\",2.050099374,-29.2332400579,\"2\",297.2644092,-29.2332400692,\"5 (?1)\",0,0,\"5 (?1)\",0,0,\"5\",0,0,\"5\",0,0,\"2\",9.456031079,-7.6985707533,\"2\",1371.1245064,-7.6985707608,\"2\",63.615858217,3.8172321477,\"2\",9224.2994402,3.8172321384,\"2\",35.470308444,8.1366010293,\"2\",5143.1947248,8.1366010436,\"4 (?1)\",0.29533859,29.9719977968,\"4 (?1)\",42.8240956,29.9719978105,\"2\",3.570875804,27.4644088369,\"2\",517.7769916,27.464408881,\"2\",53.334461057,3.1582504483,\"2\",7733.4968528,3.1582504321,\"1\",13.362243174,16.1390594217,\"1\",1937.52526,16.1390594031,\"3\",2.13058918,4.6524622002,\"3\",308.9354312,4.6524622713,\"1\",32.53512994,5.7102065831,\"1\",4717.5938348,5.710206432,\"6\",0,0,\"6\",0,0,\"2\",250.126008842,4.7417717938,\"2\",36268.2712746,4.7417717557],[\"2\",6.060902214,-7.8984208299,\"2\",878.830820942,-7.8984208445,\"4 (?1)\",17.252638619,7.7286272926,\"4 (?1)\",2501.6326,7.7286273039,\"1\",8.083403365,5.438783432,\"1\",1172.093488,5.4387834207,\"2\",4.706302018,16.8053928809,\"2\",682.413792292,16.8053930094,\"5\",0,0,\"5\",0,0,\"3\",1.182415724,25.261660889,\"3\",171.45028,25.2616609174,\"5 (?1)\",0,0,\"5 (?1)\",0,0,\"5\",0,0,\"5\",0,0,\"4\",2.729301572,9.5736058778,\"4\",395.748728,9.5736058792,\"5 (?1)\",22.465936005,0.1974735039,\"5 (?1)\",3257.560720059,0.1974732562,\"3\",32.098667417,10.6295074553,\"3\",4654.306774875,10.6295074514,\"2 (?1)\",0.604983456,6.5454852922,\"2 (?1)\",87.722601164,6.5454852227,\"4\",2.039630345,3.347991525,\"4\",295.7464,3.3479915126,\"3\",38.707897501,2.1517632663,\"3\",5612.645137591,2.1517632725,\"4\",4.332463413,-18.2654647365,\"4\",628.207194934,-18.2654647381,\"2\",4.254773565,18.041487707,\"2\",616.942166601,18.041487584,\"2\",19.832664808,10.2257568518,\"2\",2875.736403836,10.2257571086,\"2\",14.905819462,32.8309115565,\"2\",2161.34382184,32.8309115346,\"3\",179.257799484,6.8819599082,\"3\",25992.380930134,6.8819598999],[\"6 (?1)\",3.037383659,22.5645397897,\"6 (?1)\",440.420630905,22.5645398711,\"6\",4.6613532,10.2704048427,\"6\",675.896214,10.2704048427,\"8 (?1)\",0.01536848,-96.0166854405,\"8 (?1)\",2.2284296,-96.0166854405,\"7\",1.045484524,31.6303427789,\"7\",151.595256168,31.6303433136,\"5\",0,0,\"5\",0,0,\"7\",0,0,\"7\",0,0,\"5 (?1)\",0,0,\"5 (?1)\",0,0,\"5\",0,0,\"5\",0,0,\"7\",0,0,\"7\",0,0,\"8\",5.789216176,11.4738506563,\"8\",839.436345697,11.4738506983,\"7 (?1)\",4.854987559,28.2276814232,\"7 (?1)\",703.973196184,28.2276814343,\"6\",0,0,\"6\",0,0,\"7\",0,0,\"7\",0,0,\"8\",4.863115724,-15.384186456,\"8\",705.151780028,-15.3841864453,\"7\",0.3203152,0,\"7\",46.445704,0,\"7 (?1)\",0.10350186,0,\"7 (?1)\",15.007769735,0,\"6 (?1)\",4.749746779,-0.3684489375,\"6 (?1)\",688.713283485,-0.3684488471,\"6\",0,0,\"6\",0,0,\"8\",29.440473161,7.5268870487,\"8\",4268.868609802,7.5268870987],[\"--\",129.325032006,6.9906483022,\"--\",18752.129643688,6.9906483329,\"--\",156.071508673,14.5951669416,\"--\",22630.3687573,14.5951669495,\"--\",28.374787189,9.4802723916,\"--\",4114.344142261,9.4802723927,\"--\",21.490748883,19.0340952838,\"--\",3116.158589226,19.0340948696,\"--\",5.064047604,-2.9307263542,\"--\",734.2869026,-2.9307263548,\"--\",8.44042296,-2.5789490972,\"--\",1223.8613287,-2.5789491006,\"0 (?4)\",0.097197321,0,\"0 (?4)\",14.0936116,0,\"--\",1.192067957,38.3048622919,\"--\",172.849854,38.3048623859,\"--\",35.431571102,-7.9152097918,\"--\",5137.577809762,-7.9152099138,\"--\",273.423974746,7.219816596,\"--\",39646.476337801,7.2198165729,\"--\",223.518149156,13.3706627065,\"--\",32410.131617642,13.3706627436,\"--\",2.053059359,89.7529685568,\"--\",297.693606994,89.7529683607,\"--\",13.751354959,2.8262448962,\"--\",1993.946468942,2.8262448986,\"--\",275.622742139,3.0791703818,\"--\",39965.297602171,3.0791703984,\"--\",35.465307588,0.0884743594,\"--\",5142.469599914,0.0884743488,\"--\",21.704242188,2.2564087702,\"--\",3147.115112246,2.25640861,\"--\",89.112549988,6.70483862,\"--\",12921.319754899,6.7048387259,\"--\",40.851069248,15.5072632696,\"--\",5923.40504108,15.5072632734,\"--\",1360.989833066,7.6890939891,\"--\",197343.525780826,7.6890939918]]},\"significance_df_json\":\"No Significance Data\",\"base_column_names_resp\":{\"type\":\"other\",\"base_column_names_resp\":\"No Indices/Significance Selected\"},\"dict_selected_measures_lst\":{\"Sales (M JPY)\":[\"Sales (M JPY)_QUARTER Q1 2024 Rank\",\"Sales (M JPY)_QUARTER Q1 2024\",\"Sales (M JPY)_QUARTER Q1 2023\",\"Sales (M JPY)_GR% vs QUARTER Q1 2023\",\"Sales (M JPY)_Share% QUARTER Q1 2024\",\"Sales (M JPY)_Share% QUARTER Q1 2023\",\"Sales (M JPY)_BPS vs QUARTER Q1 2023\"],\"Sales (M EUR)\":[\"Sales (M EUR)_QUARTER Q1 2024 Rank\",\"Sales (M EUR)_QUARTER Q1 2024\",\"Sales (M EUR)_QUARTER Q1 2023\",\"Sales (M EUR)_GR% vs QUARTER Q1 2023\",\"Sales (M EUR)_Share% QUARTER Q1 2024\",\"Sales (M EUR)_Share% QUARTER Q1 2023\",\"Sales (M EUR)_BPS vs QUARTER Q1 2023\"]},\"dict_selected_measures_filtered_lst\":{\"Sales (M JPY)\":[\"Sales (M JPY)_QUARTER Q1 2024 Rank\",\"Sales (M JPY)_QUARTER Q1 2024\",\"Sales (M JPY)_GR% vs QUARTER Q1 2023\"],\"Sales (M EUR)\":[\"Sales (M EUR)_QUARTER Q1 2024 Rank\",\"Sales (M EUR)_QUARTER Q1 2024\",\"Sales (M EUR)_GR% vs QUARTER Q1 2023\"]},\"filter_dict_resp\":{\"Market\":[\"Thailand\",\"Indonesia\",\"Vietnam\",\"Philippines\",\"Malaysia\",\"Taiwan\",\"Korea\",\"Singapore\"],\"Group\":[\"Hermes\",\"Clarins\",\"P&amp;G\",\"Lauder\",\"Puig\",\"E. Arden\",\"_\",\"Shiseido\",\"AmorePacific\",\"Coty Luxury\",\"Juliette has a gun\",\"L\'Occitane\",\"Chanel\",\"LVMH Others\",\"La Prairie\",\"L\'Oreal Luxe\",\"Kose\",\"LVMH\"],\"Brand\":[\"Make Up For Ever\",\"SK-II\",\"Bobbi Brown\",\"Carolina Herrera\",\"Escada\",\"Origins\",\"Azzaro\",\"Kiehl\'s\",\"Nars\",\"Helena Rubinstein\",\"Lancome\",\"Dr.Jart+\",\"Maison Margiela\",\"Cle de Peau Beaute\",\"Aramis\",\"Goutal\",\"AmorePacific\",\"Aesop\",\"Guerlain\",\"Jill Stuart\",\"Biotherm\",\"Viktor &amp; Rolf\",\"IPSA\",\"Kenzo\",\"Hermes\",\"Atelier Cologne\",\"Diesel\",\"Estee Lauder\",\"Sekkisei\",\"L\'Artisan Parfumeur\",\"(Other panel)\",\"La Prairie\",\"IT Cosmetics\",\"Miu Miu\",\"Tiffany &amp; Co.\",\"Yves Saint Laurent\",\"Tory Burch\",\"Lacoste\",\"Byredo\",\"Davidoff\",\"Jean-Paul Gaultier\",\"Valentino\",\"Shiseido Cosmetics\",\"La Mer\",\"Shu Uemura\",\"Hugo Boss\",\"Acqua Di Parma\",\"Narciso Rodriguez\",\"Gucci\",\"Hera\",\"Jo Malone\",\"Clarins\",\"Penhaligon\'s\",\"Primera\",\"Giorgio Armani\",\"Ralph Lauren\",\"Juliette has a gun\",\"Mugler\",\"Shiseido\",\"Issey Miyake\",\"MAC\",\"Takami\",\"Clinique\",\"Urban Decay\",\"Kilian\",\"Givenchy\",\"Chloe\",\"Cacharel\",\"Elizabeth Arden\",\"Tom Ford\",\"Marc Jacobs\",\"Lab Series\",\"Decorte\",\"Christian Dior\",\"Christian Louboutin\",\"Rabanne\",\"Benefit\",\"Laneige\",\"Philosophy\",\"Bulgari\",\"Burberry\",\"Fresh\",\"Parfums Frederic Malle\",\"Calvin Klein\",\"L\'Occitane\",\"Chanel\",\"Prada\",\"Charlotte Tilbury\",\"Drunk Elephant\",\"Sulwhasoo\",\"Aveda\",\"Darphin\",\"Le Labo\",\"The Ordinary\"]},\"all_categories_vals\":{\"Market\":[\"Total\",\"Indonesia\",\"Korea\",\"Malaysia\",\"Philippines\",\"Singapore\",\"Taiwan\",\"Thailand\",\"Vietnam\"],\"Group\":[\"Total\",\"AmorePacific\",\"Chanel\",\"Clarins\",\"Coty Luxury\",\"L\'Oreal Luxe\",\"LVMH\",\"Lauder\",\"P&amp;G\",\"Puig\",\"Shiseido\",\"E. Arden\",\"Hermes\",\"Juliette has a gun\",\"Kose\",\"L\'Occitane\",\"LVMH Others\",\"La Prairie\",\"_\"],\"Brand\":[\"Total\",\"Laneige\",\"Sulwhasoo\",\"Chanel\",\"Clarins\",\"Burberry\",\"Calvin Klein\",\"Chloe\",\"Davidoff\",\"Escada\",\"Gucci\",\"Hugo Boss\",\"Lacoste\",\"Marc Jacobs\",\"Tiffany &amp; Co.\",\"Azzaro\",\"Cacharel\",\"Diesel\",\"Giorgio Armani\",\"Kiehl\'s\",\"Lancome\",\"Maison Margiela\",\"Mugler\",\"Prada\",\"Ralph Lauren\",\"Shu Uemura\",\"Valentino\",\"Viktor &amp; Rolf\",\"Yves Saint Laurent\",\"Acqua Di Parma\",\"Benefit\",\"Christian Dior\",\"Guerlain\",\"Make Up For Ever\",\"Bobbi Brown\",\"Clinique\",\"Estee Lauder\",\"Jo Malone\",\"Kilian\",\"La Mer\",\"MAC\",\"Parfums Frederic Malle\",\"SK-II\",\"Carolina Herrera\",\"Jean-Paul Gaultier\",\"Penhaligon\'s\",\"Rabanne\",\"Cle de Peau Beaute\",\"Nars\",\"Shiseido\",\"AmorePacific\",\"Goutal\",\"Hera\",\"Primera\",\"Miu Miu\",\"Philosophy\",\"Elizabeth Arden\",\"Hermes\",\"Juliette has a gun\",\"Decorte\",\"Jill Stuart\",\"Sekkisei\",\"L\'Occitane\",\"Aesop\",\"Biotherm\",\"Helena Rubinstein\",\"Urban Decay\",\"Fresh\",\"Givenchy\",\"Bulgari\",\"La Prairie\",\"Aramis\",\"Aveda\",\"Darphin\",\"Dr.Jart+\",\"Lab Series\",\"Le Labo\",\"Origins\",\"The Ordinary\",\"Tom Ford\",\"Byredo\",\"Charlotte Tilbury\",\"Drunk Elephant\",\"Issey Miyake\",\"Narciso Rodriguez\",\"IT Cosmetics\",\"Christian Louboutin\",\"Tory Burch\",\"(Other panel)\",\"Atelier Cologne\",\"Kenzo\",\"L\'Artisan Parfumeur\",\"Takami\",\"IPSA\",\"Shiseido Cosmetics\"]},\"time_period_flag\":0,\"time_period_vals\":[\"QUARTER Q1 2024\"],\"time_period_filter_val_resp\":{\"selected_time_period\":[\"QUARTER Q1 2024\"]},\"error\":\"Correct Data\",\"seperated_flag_col\":0,\"current_time_period_resp\":\"QUARTER Q1 2024\",\"comparative_time_period_resp\":\"QUARTER Q1 2023\",\"measure_type\":\"measure_in_column\"}','[{\"Market\": [\"Thailand\", \"Indonesia\", \"Vietnam\", \"Philippines\", \"Malaysia\", \"Taiwan\", \"Korea\", \"Singapore\"], \"Group\": [\"Hermes\", \"Clarins\", \"P&G\", \"Lauder\", \"Puig\", \"E Arden\", \"_\", \"Shiseido\", \"AmorePacific\", \"Coty Luxury\", \"Juliette has a gun\", \"LOccitane\", \"Chanel\", \"LVMH Others\", \"La Prairie\", \"LOreal Luxe\", \"Kose\", \"LVMH\"], \"Brand\": [\"Cle de Peau Beaute\", \"Drunk Elephant\", \"IPSA\", \"Issey Miyake\", \"Narciso Rodriguez\", \"Nars\", \"Shiseido\", \"Shiseido Cosmetics\", \"Tory Burch\", \"Acqua Di Parma\", \"Aesop\", \"AmorePacific\", \"Aramis\", \"Atelier Cologne\", \"Aveda\", \"Azzaro\", \"Benefit\", \"Biotherm\", \"Bobbi Brown\", \"Bulgari\", \"Burberry\", \"Byredo\", \"Cacharel\", \"Calvin Klein\", \"Carolina Herrera\", \"Chanel\", \"Charlotte Tilbury\", \"Chloe\", \"Christian Dior\", \"Christian Louboutin\", \"Clarins\", \"Clinique\", \"Darphin\", \"Davidoff\", \"Decorte\", \"Diesel\", \"DrJart\", \"Elizabeth Arden\", \"Escada\", \"Estee Lauder\", \"Fresh\", \"Giorgio Armani\", \"Givenchy\", \"Goutal\", \"Gucci\", \"Guerlain\", \"Helena Rubinstein\", \"Hera\", \"Hermes\", \"Hugo Boss\", \"IT Cosmetics\", \"Jean-Paul Gaultier\", \"Jill Stuart\", \"Jo Malone\", \"Juliette has a gun\", \"Kenzo\", \"Kiehls\", \"Kilian\", \"LArtisan Parfumeur\", \"LOccitane\", \"La Mer\", \"La Prairie\", \"Lab Series\", \"Lacoste\", \"Lancome\", \"Laneige\", \"Le Labo\", \"MAC\", \"Maison Margiela\", \"Make Up For Ever\", \"Marc Jacobs\", \"Miu Miu\", \"Mugler\", \"Origins\", \"Other panel\", \"Parfums Frederic Malle\", \"Penhaligons\", \"Philosophy\", \"Prada\", \"Primera\", \"Rabanne\", \"Ralph Lauren\", \"SK-II\", \"Sekkisei\", \"Shu Uemura\", \"Sulwhasoo\", \"Takami\", \"The Ordinary\", \"Tiffany & Co\", \"Tom Ford\", \"Urban Decay\", \"Valentino\", \"Viktor & Rolf\", \"Yves Saint Laurent\"]}]','{\"Sales (M JPY)\": [\"Sales (M JPY)_QUARTER Q1 2024 Rank\", \"Sales (M JPY)_QUARTER Q1 2024\", \"Sales (M JPY)_GR% vs QUARTER Q1 2023\"], \"Sales (M EUR)\": [\"Sales (M EUR)_QUARTER Q1 2024 Rank\", \"Sales (M EUR)_QUARTER Q1 2024\", \"Sales (M EUR)_GR% vs QUARTER Q1 2023\"]}','QUARTER','<li class=\"list-group-item\" id=\"item_a\" data-module=\"a\" data-value=\"Market\"><div>Market</div></li>','<li class=\"list-group-item tinted\" id=\"item_b\" data-module=\"a\" data-value=\"Group\"><div>Group</div></li>','<li class=\"list-group-item tinted\" id=\"item_c\" data-module=\"a\" data-value=\"Brand\"><div>Brand</div></li>','QUARTER Q1 2024','QUARTER Q4 2023','millions'),(73,5,'admin','market_category','[\"Market\"]','[\"Category\"]','[]','Multichannel_BR_Q12020_to_Q12024','Multichannel','2024-07-10 10:04:43.696036','{\"status\":200,\"row_length\":\"row_length\",\"column_length\":\"column_length\",\"rowcount_dict\":\"rowcount_dict\",\"columncount_dict\":\"columncount_dict\",\"df_cross_json\":{\"columns\":[[\"Category\",\"Skincare\",\"Sales (M JPY)_ Q1 2024 Rank\"],[\"Category\",\"Skincare\",\"Sales (M JPY)_ Q1 2024\"],[\"Category\",\"Skincare\",\"Sales (M JPY)_GR% vs  Q4 2023\"],[\"Category\",\"Make-up\",\"Sales (M JPY)_ Q1 2024 Rank\"],[\"Category\",\"Make-up\",\"Sales (M JPY)_ Q1 2024\"],[\"Category\",\"Make-up\",\"Sales (M JPY)_GR% vs  Q4 2023\"],[\"Category\",\"Fragrance\",\"Sales (M JPY)_ Q1 2024 Rank\"],[\"Category\",\"Fragrance\",\"Sales (M JPY)_ Q1 2024\"],[\"Category\",\"Fragrance\",\"Sales (M JPY)_GR% vs  Q4 2023\"],[\"Category\",\"Grand Total\",\"Sales (M JPY)_ Q1 2024 Rank\"],[\"Category\",\"Grand Total\",\"Sales (M JPY)_ Q1 2024\"],[\"Category\",\"Grand Total\",\"Sales (M JPY)_GR% vs  Q4 2023\"]],\"index\":[[\"Market\",\"Indonesia\"],[\"Market\",\"Korea\"],[\"Market\",\"Malaysia\"],[\"Market\",\"Philippines\"],[\"Market\",\"Singapore\"],[\"Market\",\"Taiwan\"],[\"Market\",\"Thailand\"],[\"Market\",\"Vietnam\"],[\"Market\",\"Grand Total\"]],\"data\":[[\"6\",2662.593295479,-15.0876382757,\"7\",1151.841411278,-12.8847920209,\"7\",1436.998332389,-18.2451159059,\"6 (?1)\",5251.433039146,-15.5119352348],[\"1 (?1)\",36884.512839674,-6.4090725862,\"1\",30085.284955816,1.094972561,\"1\",18856.440925684,-3.7845401758,\"1\",85826.238721174,-3.3138998524],[\"5\",8013.083422,-13.3114796076,\"4 (?1)\",4959.656613,-12.006788295,\"4\",4863.679001,-19.1888614156,\"4 (?1)\",17836.419036,-14.6522297343],[\"8\",1128.14101,-14.8281589584,\"8 (?2)\",1081.5892425,-29.3195185468,\"6\",2338.3791575,-31.6447076609,\"7 (?1)\",4548.10941,-27.5284560448],[\"4\",8693.18230142,-26.0376250044,\"5 (?1)\",4884.03990689,-21.7339340048,\"5\",3774.58255166,-29.7433720506,\"5 (?1)\",17351.80475997,-25.7403187675],[\"2 (?1)\",23228.1733334,-43.9103367064,\"3 (?1)\",7981.2065652,-26.4592923125,\"3\",5058.891376,-23.1538899851,\"2\",36268.2712746,-38.3700938026],[\"3\",11718.263690281,-17.2299122274,\"2 (?1)\",8396.025146821,-1.9383915526,\"2\",5878.092093032,-18.1812313275,\"3\",25992.380930134,-13.0802399819],[\"7\",2022.794205034,-17.2943562325,\"6 (?2)\",1300.660539143,0.3666041934,\"8\",945.413865625,-10.8620976822,\"8\",4268.868609802,-11.1079120932],[\"--\",94350.744097288,-23.2194198747,\"--\",59840.304380648,-8.2193626412,\"--\",43152.47730289,-15.3805600345,\"--\",197343.525780826,-17.4567060294]]},\"significance_df_json\":\"No Significance Data\",\"base_column_names_resp\":{\"type\":\"other\",\"base_column_names_resp\":\"No Indices/Significance Selected\"},\"dict_selected_measures_lst\":{\"Sales (M JPY)\":[\"Sales (M JPY)_QUARTER Q1 2024 Rank\",\"Sales (M JPY)_QUARTER Q1 2024\",\"Sales (M JPY)_QUARTER Q4 2023\",\"Sales (M JPY)_GR% vs QUARTER Q4 2023\",\"Sales (M JPY)_Share% QUARTER Q1 2024\",\"Sales (M JPY)_Share% QUARTER Q4 2023\",\"Sales (M JPY)_BPS vs QUARTER Q4 2023\"]},\"dict_selected_measures_filtered_lst\":{\"Sales (M JPY)\":[\"Sales (M JPY)_QUARTER Q1 2024 Rank\",\"Sales (M JPY)_QUARTER Q1 2024\",\"Sales (M JPY)_GR% vs QUARTER Q4 2023\"]},\"filter_dict_resp\":{\"Market\":[\"Malaysia\",\"Indonesia\",\"Thailand\",\"Taiwan\",\"Philippines\",\"Korea\",\"Vietnam\",\"Singapore\"],\"Category\":[\"Skincare\",\"Make-up\",\"Fragrance\"]},\"all_categories_vals\":{\"Market\":[\"Total\",\"Indonesia\",\"Korea\",\"Malaysia\",\"Philippines\",\"Singapore\",\"Taiwan\",\"Thailand\",\"Vietnam\"],\"Category\":[\"Total\",\"Make-up\",\"Skincare\",\"Fragrance\"]},\"time_period_flag\":0,\"time_period_vals\":[\"QUARTER Q1 2024\"],\"time_period_filter_val_resp\":{\"selected_time_period\":[\"QUARTER Q1 2024\"]},\"error\":\"Correct Data\",\"seperated_flag_col\":1,\"current_time_period_resp\":\"QUARTER Q1 2024\",\"comparative_time_period_resp\":\"QUARTER Q4 2023\",\"measure_type\":\"measure_in_column\",\"message\":\"Data is Correct\"}','[{\"Market\": [\"Malaysia\", \"Indonesia\", \"Thailand\", \"Taiwan\", \"Philippines\", \"Korea\", \"Vietnam\", \"Singapore\"], \"Category\": [\"Skincare\", \"Make-up\", \"Fragrance\"]}]','{\"Sales (M JPY)\": [\"Sales (M JPY)_QUARTER Q1 2024 Rank\", \"Sales (M JPY)_QUARTER Q1 2024\", \"Sales (M JPY)_GR% vs QUARTER Q4 2023\"]}','QUARTER','<li class=\"list-group-item\" id=\"item_a\" data-module=\"a\" data-value=\"Market\"><div>Market</div></li>','<li class=\"list-group-item tinted\" id=\"item_b\" data-module=\"a\" data-value=\"Category\"><div>Category</div></li>','','QUARTER Q1 2024','QUARTER Q4 2023','millions'),(75,11,'Sales','KR Ecom Platform Split','[\"eCom Platform\"]','[\"Market\"]','[\"Channel\",\"Channel (High Level)\"]','Multichannel_Consolidated_Q1_2024','Multichannel','2024-07-29 09:37:56.261056','{\"status\":200,\"row_length\":\"row_length\",\"column_length\":\"column_length\",\"rowcount_dict\":\"rowcount_dict\",\"columncount_dict\":\"columncount_dict\",\"df_cross_json\":{\"columns\":[[\"Market\",\"Korea\",\"Sales (M JPY)_ Q1 2024 Rank\"],[\"Market\",\"Korea\",\"Sales (M JPY)_ Q1 2024\"],[\"Market\",\"Korea\",\"Sales (M JPY)_GR% vs  Q4 2023\"],[\"Market\",\"Grand Total\",\"Sales (M JPY)_ Q1 2024 Rank\"],[\"Market\",\"Grand Total\",\"Sales (M JPY)_ Q1 2024\"],[\"Market\",\"Grand Total\",\"Sales (M JPY)_GR% vs  Q4 2023\"]],\"index\":[[\"eCom Platform\",\"Kakao\"],[\"eCom Platform\",\"Brand website\"],[\"eCom Platform\",\"Coupang\"],[\"eCom Platform\",\"Naver\"],[\"eCom Platform\",\"Market Kurly\"],[\"eCom Platform\",\"11st\"],[\"eCom Platform\",\"Gmarket\"],[\"eCom Platform\",\"All platforms\"],[\"eCom Platform\",\"WEMAKEPRICE\"],[\"eCom Platform\",\"MUSINSA\"],[\"eCom Platform\",\"Cornerstone204\"],[\"eCom Platform\",\"Mpointmall\"],[\"eCom Platform\",\"Zigzag\"],[\"eCom Platform\",\"ABLY\"],[\"eCom Platform\",\"Queenit\"],[\"eCom Platform\",\"SSF SHOP\"],[\"eCom Platform\",\"CEOBeaute\"],[\"eCom Platform\",\"W Concept\"],[\"eCom Platform\",\"29CM\"],[\"eCom Platform\",\"Hwahae\"],[\"eCom Platform\",\"Interpark\"],[\"eCom Platform\",\"TICKET MONSTER\"],[\"eCom Platform\",\"TodayHouse\"],[\"eCom Platform\",\"Kolonmall\"],[\"eCom Platform\",\"Brandi\"],[\"eCom Platform\",\"MUST IT\"],[\"eCom Platform\",\"Seoulstore\"],[\"eCom Platform\",\"Golfing\"],[\"eCom Platform\",\"Grand Total\"]],\"data\":[[\"1\",14668.093234342,3.1220602999,\"1\",14668.093234342,3.1220602999],[\"2\",2729.677374506,-7.7547466244,\"2\",2729.677374506,-7.7547466244],[\"3\",2710.58041003,3.2759797169,\"3\",2710.58041003,3.2759797169],[\"4\",2674.44336349,4.7458788454,\"4\",2674.44336349,4.7458788454],[\"5\",1531.306392462,9.2154225885,\"5\",1531.306392462,9.2154225885],[\"6\",247.006720192,-16.7130254867,\"6\",247.006720192,-16.7130254867],[\"7 (?1)\",237.32782338,7.9873395058,\"7 (?1)\",237.32782338,7.9873395058],[\"8 (?1)\",226.763675654,-8.9247330176,\"8 (?1)\",226.763675654,-8.9247330176],[\"9 (?1)\",149.281137618,12.6617565742,\"9 (?1)\",149.281137618,12.6617565742],[\"10 (?1)\",119.70427879,-16.8990995697,\"10 (?1)\",119.70427879,-16.8990995697],[\"11 (?1)\",110.628039292,11.1585180866,\"11 (?1)\",110.628039292,11.1585180866],[\"12 (?1)\",105.145843632,-0.0225919821,\"12 (?1)\",105.145843632,-0.0225919821],[\"13 (?1)\",37.287028312,-0.4875691369,\"13 (?1)\",37.287028312,-0.4875691369],[\"14 (?2)\",31.827564344,72.9953146433,\"14 (?2)\",31.827564344,72.9953146433],[\"15 (?2)\",31.643261298,-33.9673951777,\"15 (?2)\",31.643261298,-33.9673951777],[\"16 (?1)\",15.456973106,17.8141310479,\"16 (?1)\",15.456973106,17.8141310479],[\"17 (?2)\",11.02404028,-52.7097410276,\"17 (?2)\",11.02404028,-52.7097410276],[\"18\",8.24122811,-15.5772964431,\"18\",8.24122811,-15.5772964431],[\"19\",7.699558252,-8.8151966642,\"19\",7.699558252,-8.8151966642],[\"20\",2.645300596,-8.6141774866,\"20\",2.645300596,-8.6141774866],[\"21\",1.984138528,379.4698709386,\"21\",1.984138528,379.4698709386],[\"22\",1.70537782,510.761896374,\"22\",1.70537782,510.761896374],[\"23 (?2)\",0.536917136,335.0249063863,\"23 (?2)\",0.536917136,335.0249063863],[\"24\",0.096447068,-24.7073329168,\"24\",0.096447068,-24.7073329168],[\"25 (?3)\",0.09534382,1158.5280537288,\"25 (?3)\",0.09534382,1158.5280537288],[\"27 (?4)\",0,-100,\"27 (?4)\",0,-100],[\"27\",0,-100,\"27\",0,-100],[\"27 (?1)\",0,-100,\"27 (?1)\",0,-100],[\"--\",25660.201472058,1.9387920381,\"--\",25660.201472058,1.9387920381]]},\"significance_df_json\":\"No Significance Data\",\"base_column_names_resp\":{\"type\":\"other\",\"base_column_names_resp\":\"No Indices/Significance Selected\"},\"dict_selected_measures_lst\":{\"Sales (M JPY)\":[\"Sales (M JPY)_QUARTER Q1 2024 Rank\",\"Sales (M JPY)_QUARTER Q1 2024\",\"Sales (M JPY)_QUARTER Q4 2023\",\"Sales (M JPY)_GR% vs QUARTER Q4 2023\",\"Sales (M JPY)_Share% QUARTER Q1 2024\",\"Sales (M JPY)_Share% QUARTER Q4 2023\",\"Sales (M JPY)_BPS vs QUARTER Q4 2023\"]},\"dict_selected_measures_filtered_lst\":{\"Sales (M JPY)\":[\"Sales (M JPY)_QUARTER Q1 2024 Rank\",\"Sales (M JPY)_QUARTER Q1 2024\",\"Sales (M JPY)_GR% vs QUARTER Q4 2023\"]},\"filter_dict_resp\":{\"Channel\":[\"E-Commerce\",\"Specialty Stores\",\"Department Stores\",\"Standalone Boutiques\"],\"Channel (High Level)\":[\"B&amp;M\",\"EC\"],\"eCom Platform\":[\"Zalora\",\"All platforms\",\"Seoulstore\",\"PChome\",\"Mpointmall\",\"Brandi\",\"TICKET MONSTER\",\"Kolonmall\",\"Phone Order Home Delivery/Click &amp; Collect\",\"W Concept\",\"SSF SHOP\",\"books.com.tw\",\"Interpark\",\"Gmarket\",\"Golfing\",\"Queenit\",\"Blibli\",\"Zigzag\",\"Naver\",\"Coupang\",\"Line\",\"DS.com\",\"One Shop\",\"Shopee\",\"Other platforms\",\"Kakao\",\"Sociolla\",\"Yahoo\",\"ABLY\",\"Lazada\",\"Marais\",\"Chat &amp; Shop\",\"11st\",\"Momo\",\"Tokopedia\",\"Tiktok\",\"S.I.Village\",\"TodayHouse\",\"29CM\",\"MUSINSA\",\"Not Available\",\"Brand website\",\"CEOBeaute\",\"Cornerstone204\",\"e-Sephora (All platforms)\",\"Market Kurly\",\"Hwahae\",\"WEMAKEPRICE\",\"MUST IT\",\"Istyle\"],\"Market\":[\"Malaysia\",\"Singapore\",\"Philippines\",\"Taiwan\",\"Korea\",\"Indonesia\",\"Vietnam\",\"Thailand\"]},\"all_categories_vals\":{\"Channel\":[\"Total\",\"Department Stores\",\"E-Commerce\",\"Standalone Boutiques\",\"Specialty Stores\"],\"Channel (High Level)\":[\"Total\",\"B&amp;M\",\"EC\"],\"eCom Platform\":[\"Total\",\"Not Available\",\"Blibli\",\"Brand website\",\"Istyle\",\"Lazada\",\"Shopee\",\"Sociolla\",\"Tiktok\",\"Tokopedia\",\"Chat &amp; Shop\",\"Zalora\",\"All platforms\",\"DS.com\",\"Mpointmall\",\"Naver\",\"SSF SHOP\",\"MUST IT\",\"Market Kurly\",\"Kakao\",\"S.I.Village\",\"11st\",\"29CM\",\"ABLY\",\"Brandi\",\"Cornerstone204\",\"Coupang\",\"Gmarket\",\"Hwahae\",\"Interpark\",\"MUSINSA\",\"Queenit\",\"TICKET MONSTER\",\"W Concept\",\"WEMAKEPRICE\",\"Zigzag\",\"Golfing\",\"Kolonmall\",\"Seoulstore\",\"TodayHouse\",\"CEOBeaute\",\"One Shop\",\"e-Sephora (All platforms)\",\"Phone Order Home Delivery/Click &amp; Collect\",\"Line\",\"Momo\",\"PChome\",\"Yahoo\",\"books.com.tw\",\"Marais\",\"Other platforms\"],\"Market\":[\"Total\",\"Indonesia\",\"Korea\",\"Malaysia\",\"Philippines\",\"Singapore\",\"Taiwan\",\"Thailand\",\"Vietnam\"]},\"time_period_flag\":0,\"time_period_vals\":[\"QUARTER Q1 2024\"],\"time_period_filter_val_resp\":{\"selected_time_period\":[\"QUARTER Q1 2024\"]},\"error\":\"Correct Data\",\"seperated_flag_col\":1,\"current_time_period_resp\":\"QUARTER Q1 2024\",\"comparative_time_period_resp\":\"QUARTER Q4 2023\",\"measure_type\":\"measure_in_column\",\"message\":\"Data is Correct\"}','[{\"Channel\": [\"E-Commerce\", \"Specialty Stores\", \"Department Stores\", \"Standalone Boutiques\"], \"Channel (High Level)\": [\"B&M\", \"EC\"], \"eCom Platform\": [\"Zalora\", \"All platforms\", \"Seoulstore\", \"PChome\", \"Mpointmall\", \"Brandi\", \"TICKET MONSTER\", \"Kolonmall\", \"Phone Order Home Delivery/Click & Collect\", \"W Concept\", \"SSF SHOP\", \"bookscomtw\", \"Interpark\", \"Gmarket\", \"Golfing\", \"Queenit\", \"Blibli\", \"Zigzag\", \"Naver\", \"Coupang\", \"Line\", \"DScom\", \"One Shop\", \"Shopee\", \"Other platforms\", \"Kakao\", \"Sociolla\", \"Yahoo\", \"ABLY\", \"Lazada\", \"Marais\", \"Chat & Shop\", \"11st\", \"Momo\", \"Tokopedia\", \"Tiktok\", \"SIVillage\", \"TodayHouse\", \"29CM\", \"MUSINSA\", \"Brand website\", \"CEOBeaute\", \"Cornerstone204\", \"e-Sephora All platforms\", \"Market Kurly\", \"Hwahae\", \"WEMAKEPRICE\", \"MUST IT\", \"Istyle\"], \"Market\": [\"Korea\"]}]','{\"Sales (M JPY)\": [\"Sales (M JPY)_QUARTER Q1 2024 Rank\", \"Sales (M JPY)_QUARTER Q1 2024\", \"Sales (M JPY)_GR% vs QUARTER Q4 2023\"]}','QUARTER','<li class=\"list-group-item tinted\" id=\"item_a\" data-module=\"a\" data-value=\"eCom Platform\" draggable=\"false\" style=\"\"><div>eCom Platform</div></li>','<li class=\"list-group-item tinted\" id=\"item_a\" data-module=\"a\" data-value=\"Market\" style=\"\" draggable=\"false\"><div>Market</div></li>','<li class=\"list-group-item tinted\" id=\"item_a\" data-module=\"a\" data-value=\"Channel\" style=\"\"><div>Channel</div></li><li class=\"list-group-item tinted\" id=\"item_a\" data-module=\"a\" data-value=\"Channel (High Level)\" style=\"\"><div>Channel (High Level)</div></li>','QUARTER Q1 2024','QUARTER Q4 2023','millions'),(76,5,'admin','Catgeory X market','[\"Market\",\"Category\"]','[]','[\"Brand\"]','Multichannel_Marketwise_Q2_2024','Multichannel','2024-08-05 12:52:09.127503','{\"status\":200,\"row_length\":\"row_length\",\"column_length\":\"column_length\",\"rowcount_dict\":\"rowcount_dict\",\"columncount_dict\":\"columncount_dict\",\"df_cross_json\":{\"columns\":[[\"Facts\",\"Sales (M EUR)_ Q2 2024 Rank\"],[\"Facts\",\"Sales (M EUR)_ Q2 2024\"],[\"Facts\",\"Sales (M EUR)_GR% vs  Q4 2023\"],[\"Grand Total\",\"Sales (M EUR)_ Q2 2024 Rank\"],[\"Grand Total\",\"Sales (M EUR)_ Q2 2024\"],[\"Grand Total\",\"Sales (M EUR)_GR% vs  Q4 2023\"]],\"index\":[[\"Taiwan\",\"Skincare\"],[\"Taiwan\",\"Make-up\"],[\"Taiwan\",\"Fragrance\"],[\"Taiwan\",\"Grand Total\"],[\"Vietnam\",\"Skincare\"],[\"Vietnam\",\"Make-up\"],[\"Vietnam\",\"Fragrance\"],[\"Vietnam\",\"Grand Total\"]],\"data\":[[\"1\",121.688929703,-57.4103954126,\"1\",121.688929703,-57.4103954126],[\"2\",50.617266297,-32.3720936611,\"2\",50.617266297,-32.3720936611],[\"3\",31.243292076,-31.2921130701,\"3\",31.243292076,-31.2921130701],[\"--\",203.549488076,-49.8700718958,\"--\",203.549488076,-49.8700718958],[\"1\",14.327122633,-15.0603580074,\"1\",14.327122633,-15.0603580074],[\"2\",7.066577485,-20.931701404,\"2\",7.066577485,-20.931701404],[\"3\",5.901534647,-19.3918653733,\"3\",5.901534647,-19.3918653733],[\"--\",27.295234765,-17.6017498228,\"--\",27.295234765,-17.6017498228]]},\"significance_df_json\":\"No Significance Data\",\"base_column_names_resp\":{\"type\":\"other\",\"base_column_names_resp\":\"No Indices/Significance Selected\"},\"dict_selected_measures_lst\":{\"Sales (M EUR)\":[\"Sales (M EUR)_QUARTER Q2 2024 Rank\",\"Sales (M EUR)_QUARTER Q2 2024\",\"Sales (M EUR)_QUARTER Q4 2023\",\"Sales (M EUR)_GR% vs QUARTER Q4 2023\",\"Sales (M EUR)_Share% QUARTER Q2 2024\",\"Sales (M EUR)_Share% QUARTER Q4 2023\",\"Sales (M EUR)_BPS vs QUARTER Q4 2023\"]},\"dict_selected_measures_filtered_lst\":{\"Sales (M EUR)\":[\"Sales (M EUR)_QUARTER Q2 2024 Rank\",\"Sales (M EUR)_QUARTER Q2 2024\",\"Sales (M EUR)_GR% vs QUARTER Q4 2023\"]},\"filter_dict_resp\":{\"Market\":[\"Vietnam\",\"Taiwan\"],\"Category\":[\"Make-up\",\"Skincare\",\"Fragrance\"],\"Brand\":[\"Issey Miyake\",\"Jo Malone\",\"La Mer\",\"Sulwhasoo\",\"Tom Ford\",\"Darphin\",\"Diesel\",\"Azzaro\",\"Benefit\",\"Ralph Lauren\",\"Chloe\",\"Dr.Jart+\",\"Guerlain\",\"Make Up For Ever\",\"SK-II\",\"Estee Lauder\",\"Jean-Paul Gaultier\",\"Burberry\",\"Chanel\",\"Hermes\",\"Gucci\",\"Hugo Boss\",\"Yves Saint Laurent\",\"Clinique\",\"Aveda\",\"Davidoff\",\"Le Labo\",\"Prada\",\"Kiehl\'s\",\"Acqua Di Parma\",\"Calvin Klein\",\"Drunk Elephant\",\"Laneige\",\"Helena Rubinstein\",\"Christian Dior\",\"IPSA\",\"Rabanne\",\"Nars\",\"Origins\",\"Marc Jacobs\",\"Narciso Rodriguez\",\"Maison Margiela\",\"Carolina Herrera\",\"Giorgio Armani\",\"L\'Occitane\",\"Aesop\",\"Viktor &amp; Rolf\",\"Mugler\",\"Shu Uemura\",\"Biotherm\",\"Penhaligon\'s\",\"Clarins\",\"Elizabeth Arden\",\"Bulgari\",\"Cle de Peau Beaute\",\"Lab Series\",\"Cacharel\",\"Shiseido\",\"Bobbi Brown\",\"Kilian\",\"Lancome\",\"Parfums Frederic Malle\",\"Byredo\",\"Shiseido Cosmetics\",\"La Prairie\",\"Takami\",\"MAC\",\"Tory Burch\",\"Valentino\"]},\"all_categories_vals\":{\"Market\":[\"Total\",\"Taiwan\",\"Vietnam\"],\"Category\":[\"Total\",\"Make-up\",\"Skincare\",\"Fragrance\"],\"Brand\":[\"Total\",\"Laneige\",\"Sulwhasoo\",\"Chanel\",\"Clarins\",\"Elizabeth Arden\",\"Hermes\",\"L\'Occitane\",\"Aesop\",\"Biotherm\",\"Giorgio Armani\",\"Helena Rubinstein\",\"Kiehl\'s\",\"Lancome\",\"Maison Margiela\",\"Shu Uemura\",\"Takami\",\"Valentino\",\"Yves Saint Laurent\",\"Acqua Di Parma\",\"Benefit\",\"Christian Dior\",\"Guerlain\",\"Make Up For Ever\",\"Bulgari\",\"La Prairie\",\"Aveda\",\"Bobbi Brown\",\"Clinique\",\"Darphin\",\"Estee Lauder\",\"Jo Malone\",\"Kilian\",\"La Mer\",\"Lab Series\",\"Le Labo\",\"MAC\",\"Origins\",\"Parfums Frederic Malle\",\"Tom Ford\",\"SK-II\",\"Byredo\",\"Penhaligon\'s\",\"Cle de Peau Beaute\",\"Drunk Elephant\",\"IPSA\",\"Issey Miyake\",\"Narciso Rodriguez\",\"Nars\",\"Shiseido\",\"Shiseido Cosmetics\",\"Tory Burch\",\"Azzaro\",\"Burberry\",\"Cacharel\",\"Calvin Klein\",\"Carolina Herrera\",\"Chloe\",\"Davidoff\",\"Diesel\",\"Dr.Jart+\",\"Gucci\",\"Hugo Boss\",\"Jean-Paul Gaultier\",\"Marc Jacobs\",\"Mugler\",\"Prada\",\"Rabanne\",\"Ralph Lauren\",\"Viktor &amp; Rolf\"]},\"time_period_flag\":0,\"time_period_vals\":[\"QUARTER Q2 2024\"],\"time_period_filter_val_resp\":{\"selected_time_period\":[\"QUARTER Q2 2024\"]},\"error\":\"Correct Data\",\"seperated_flag_col\":1,\"current_time_period_resp\":\"QUARTER Q2 2024\",\"comparative_time_period_resp\":\"QUARTER Q4 2023\",\"measure_type\":\"measure_in_column\",\"message\":\"Data is Correct\"}','[{\"Market\": [\"Vietnam\", \"Taiwan\"], \"Category\": [\"Skincare\", \"Make-up\", \"Fragrance\"], \"Brand\": [\"Cle de Peau Beaute\", \"Drunk Elephant\", \"IPSA\", \"Issey Miyake\", \"Narciso Rodriguez\", \"Nars\", \"Shiseido\", \"Shiseido Cosmetics\", \"Tory Burch\", \"Acqua Di Parma\", \"Aesop\", \"Aveda\", \"Azzaro\", \"Benefit\", \"Biotherm\", \"Bobbi Brown\", \"Bulgari\", \"Burberry\", \"Byredo\", \"Cacharel\", \"Calvin Klein\", \"Carolina Herrera\", \"Chanel\", \"Chloe\", \"Christian Dior\", \"Clarins\", \"Clinique\", \"Darphin\", \"Davidoff\", \"Diesel\", \"Dr.Jart+\", \"Elizabeth Arden\", \"Estee Lauder\", \"Giorgio Armani\", \"Gucci\", \"Guerlain\", \"Helena Rubinstein\", \"Hermes\", \"Hugo Boss\", \"Jean-Paul Gaultier\", \"Jo Malone\", \"Kiehl\'s\", \"Kilian\", \"L\'Occitane\", \"La Mer\", \"La Prairie\", \"Lab Series\", \"Lancome\", \"Laneige\", \"Le Labo\", \"MAC\", \"Maison Margiela\", \"Make Up For Ever\", \"Marc Jacobs\", \"Mugler\", \"Origins\", \"Parfums Frederic Malle\", \"Penhaligon\'s\", \"Prada\", \"Rabanne\", \"Ralph Lauren\", \"SK-II\", \"Shu Uemura\", \"Sulwhasoo\", \"Takami\", \"Tom Ford\", \"Valentino\", \"Viktor & Rolf\", \"Yves Saint Laurent\"]}]','{\"Sales (M EUR)\": [\"Sales (M EUR)_QUARTER Q2 2024 Rank\", \"Sales (M EUR)_QUARTER Q2 2024\", \"Sales (M EUR)_GR% vs QUARTER Q4 2023\"]}','QUARTER','<li class=\"list-group-item s-l-open\" id=\"item_a\" data-module=\"a\" data-value=\"Market\"><div>Market<span class=\"s-l-opener\" style=\"float: left; display: inline-block; background-position: center center; background-repeat: no-repeat; margin-left: -35px; margin-right: 5px; font-size: 1.1em;\"><i class=\"fa fa-minus c3\"></i></span></div><ul style=\"display: block;\"><li class=\"list-group-item tinted\" id=\"item_a\" data-module=\"a\" data-value=\"Category\" draggable=\"false\" style=\"width: auto; position: relative; top: 0px; left: 0px; visibility: visible;\"><div>Category</div></li></ul></li>','','<li class=\"list-group-item tinted\" id=\"item_c\" data-module=\"a\" data-value=\"Brand\" draggable=\"false\" style=\"\"><div>Brand</div></li>','QUARTER Q2 2024','QUARTER Q4 2023','millions'),(77,11,'Sales','CPB by Market, Category & Channel','[\"Market\"]','[\"Channel\",\"Category\"]','[\"Group\",\"Brand\"]','Multichannel_Marketwise_Q2_2024','Multichannel','2024-08-19 05:52:38.638364','{\"status\":200,\"row_length\":\"row_length\",\"column_length\":\"column_length\",\"rowcount_dict\":\"rowcount_dict\",\"columncount_dict\":\"columncount_dict\",\"df_cross_json\":{\"columns\":[[\"Department Stores\",\"Skincare\",\"Sales (M JPY)_YTD Q2 2024 Rank\"],[\"Department Stores\",\"Skincare\",\"Sales (M JPY)_YTD Q2 2024\"],[\"Department Stores\",\"Skincare\",\"Sales (M JPY)_GR% vs YTD Q2 2023\"],[\"Department Stores\",\"Make-up\",\"Sales (M JPY)_YTD Q2 2024 Rank\"],[\"Department Stores\",\"Make-up\",\"Sales (M JPY)_YTD Q2 2024\"],[\"Department Stores\",\"Make-up\",\"Sales (M JPY)_GR% vs YTD Q2 2023\"],[\"E-Commerce\",\"Skincare\",\"Sales (M JPY)_YTD Q2 2024 Rank\"],[\"E-Commerce\",\"Skincare\",\"Sales (M JPY)_YTD Q2 2024\"],[\"E-Commerce\",\"Skincare\",\"Sales (M JPY)_GR% vs YTD Q2 2023\"],[\"E-Commerce\",\"Make-up\",\"Sales (M JPY)_YTD Q2 2024 Rank\"],[\"E-Commerce\",\"Make-up\",\"Sales (M JPY)_YTD Q2 2024\"],[\"E-Commerce\",\"Make-up\",\"Sales (M JPY)_GR% vs YTD Q2 2023\"],[\"Specialty Stores\",\"Skincare\",\"Sales (M JPY)_YTD Q2 2024 Rank\"],[\"Specialty Stores\",\"Skincare\",\"Sales (M JPY)_YTD Q2 2024\"],[\"Specialty Stores\",\"Skincare\",\"Sales (M JPY)_GR% vs YTD Q2 2023\"],[\"Specialty Stores\",\"Make-up\",\"Sales (M JPY)_YTD Q2 2024 Rank\"],[\"Specialty Stores\",\"Make-up\",\"Sales (M JPY)_YTD Q2 2024\"],[\"Specialty Stores\",\"Make-up\",\"Sales (M JPY)_GR% vs YTD Q2 2023\"],[\"Standalone Boutiques\",\"Skincare\",\"Sales (M JPY)_YTD Q2 2024 Rank\"],[\"Standalone Boutiques\",\"Skincare\",\"Sales (M JPY)_YTD Q2 2024\"],[\"Standalone Boutiques\",\"Skincare\",\"Sales (M JPY)_GR% vs YTD Q2 2023\"],[\"Standalone Boutiques\",\"Make-up\",\"Sales (M JPY)_YTD Q2 2024 Rank\"],[\"Standalone Boutiques\",\"Make-up\",\"Sales (M JPY)_YTD Q2 2024\"],[\"Standalone Boutiques\",\"Make-up\",\"Sales (M JPY)_GR% vs YTD Q2 2023\"],[\"Grand Total\",\"Skincare\",\"Sales (M JPY)_YTD Q2 2024 Rank\"],[\"Grand Total\",\"Skincare\",\"Sales (M JPY)_YTD Q2 2024\"],[\"Grand Total\",\"Skincare\",\"Sales (M JPY)_GR% vs YTD Q2 2023\"],[\"Grand Total\",\"Make-up\",\"Sales (M JPY)_YTD Q2 2024 Rank\"],[\"Grand Total\",\"Make-up\",\"Sales (M JPY)_YTD Q2 2024\"],[\"Grand Total\",\"Make-up\",\"Sales (M JPY)_GR% vs YTD Q2 2023\"],[\"Grand Total\",\"Grand Total\",\"Sales (M JPY)_YTD Q2 2024 Rank\"],[\"Grand Total\",\"Grand Total\",\"Sales (M JPY)_YTD Q2 2024\"],[\"Grand Total\",\"Grand Total\",\"Sales (M JPY)_GR% vs YTD Q2 2023\"]],\"index\":[[\"Market\",\"Indonesia\"],[\"Market\",\"Korea\"],[\"Market\",\"Malaysia\"],[\"Market\",\"Philippines\"],[\"Market\",\"Singapore\"],[\"Market\",\"Taiwan\"],[\"Market\",\"Thailand\"],[\"Market\",\"Vietnam\"],[\"Market\",\"Grand Total\"]],\"data\":[[\"7\",55.2911451638,-10.0191719089,\"7 (?2)\",40.1311235962,-8.2002827821,\"6\",0.998361,-51.5628711372,\"6\",1.337518,-14.7348880381,\"6 (?1)\",0,0,\"6 (?1)\",0,0,\"2 (?2)\",61.5782493235,22.4898840287,\"2\",56.2512961465,40.1107924873,\"7\",117.8677554873,3.5918154192,\"7 (?1)\",97.7199377427,14.3828425851,\"7\",215.58769323,8.2195321656],[\"3 (?1)\",445.54353116,-5.1875678542,\"3\",153.97273058,2.8706204121,\"1\",76.93989277,32.689401217,\"1\",141.70989639,54.5770067888,\"3 (?1)\",0.7141856,51.6811310348,\"3 (?1)\",2.195896,6.9497182477,\"7\",0,0,\"7\",0,0,\"3 (?1)\",523.19760953,-0.9802089172,\"3\",297.87852297,22.3796752716,\"3\",821.0761325,6.3870497452],[\"6\",57.998582,-20.7848344266,\"6\",40.457108,-6.7527497574,\"5\",6.23668385,-20.9194270508,\"5\",5.42223263,-28.0948440301,\"2 (?3)\",3.04594375,0,\"2 (?3)\",2.508148,0,\"3\",58.68176,-0.6616921245,\"4 (?3)\",55.371208,35.9747199116,\"6\",125.9629696,-10.1391902994,\"6 (?1)\",103.75869663,13.2126021459,\"6\",229.72166623,-0.907322831],[\"8\",7.18835,-35.9241431564,\"8\",7.115525,3.5312236735,\"7\",0.344,-11.1879897247,\"7\",0.439325,58.8074754193,\"6 (?1)\",0,0,\"6 (?1)\",0,0,\"6\",24.70942,-5.775656907,\"6\",22.2270925,6.0006833956,\"8\",32.24177,-14.7716493305,\"8\",29.7819425,5.9166204631,\"8\",62.0237125,-5.9507995334],[\"4\",185.071945,9.7467197805,\"4\",142.519967,32.6369923745,\"4\",13.08651153,-14.4007049333,\"3\",13.35074567,-24.1382577753,\"1\",16.2730627,1.9186714407,\"1\",13.26956107,-16.176747113,\"5 (?3)\",41.266332,-35.0267340654,\"1 (?2)\",64.974975,66.8880111536,\"4\",255.69785123,-2.9252767787,\"4\",234.11524874,30.1988437997,\"4\",489.81309997,10.5132226927],[\"1\",1323.061124,3.5215525686,\"1\",446.72782,-4.1973972927,\"2 (?1)\",25.1383,36.8967748119,\"2\",23.194204,6.1823067425,\"6 (?1)\",0,0,\"6 (?1)\",0,0,\"7\",0,0,\"7\",0,0,\"1\",1348.199424,3.9942924279,\"1\",469.922024,-3.7329202159,\"1\",1818.121448,1.8806110725],[\"2 (?1)\",531.5836,21.7161499142,\"2\",344.65088,21.0363395361,\"3 (?1)\",16.39144,-36.4488619181,\"4\",5.8886,-47.0056948674,\"6 (?1)\",0,0,\"6 (?1)\",0,0,\"4 (?1)\",50.7288,7.9997956194,\"5 (?1)\",24.59028,-29.7627670927,\"2 (?1)\",598.70384,17.507163632,\"2\",375.12976,13.376097101,\"2\",973.8336,15.8806844726],[\"5\",130.4681034046,-1.0438970682,\"5 (?2)\",56.998221738,51.4775554381,\"8\",0.340924,0,\"8\",0.2244600174,0,\"6 (?1)\",0,0,\"6 (?1)\",0,0,\"1\",119.9199856046,-1.3893393728,\"3 (?2)\",56.0883873322,74.2292764727,\"5\",250.7290130092,-1.0751322652,\"5 (?2)\",113.3110690876,62.2892291468,\"5\",364.0400820968,12.610231645],[\"--\",2736.2063807284,3.9956455647,\"--\",1232.5733759142,8.1412151707,\"--\",139.47611315,9.1673999652,\"--\",191.5669817074,26.3498308372,\"--\",20.03319205,21.8744831616,\"--\",17.97360507,0.5032272041,\"--\",356.8845469281,-2.931432882,\"--\",279.5032389787,34.3932765336,\"--\",3252.6002328565,3.489056483,\"--\",1721.6172016703,13.4691765997,\"--\",4974.2174345268,6.7383595214]]},\"significance_df_json\":\"No Significance Data\",\"base_column_names_resp\":{\"type\":\"other\",\"base_column_names_resp\":\"No Indices/Significance Selected\"},\"dict_selected_measures_lst\":{\"Sales (M JPY)\":[\"Sales (M JPY)_YTD Q2 2024 Rank\",\"Sales (M JPY)_YTD Q2 2024\",\"Sales (M JPY)_YTD Q2 2023\",\"Sales (M JPY)_GR% vs YTD Q2 2023\",\"Sales (M JPY)_Share% YTD Q2 2024\",\"Sales (M JPY)_Share% YTD Q2 2023\",\"Sales (M JPY)_BPS vs YTD Q2 2023\"]},\"dict_selected_measures_filtered_lst\":{\"Sales (M JPY)\":[\"Sales (M JPY)_YTD Q2 2024 Rank\",\"Sales (M JPY)_YTD Q2 2024\",\"Sales (M JPY)_GR% vs YTD Q2 2023\"]},\"filter_dict_resp\":{\"Market\":[\"Thailand\",\"Singapore\",\"Malaysia\",\"Vietnam\",\"Taiwan\",\"Korea\",\"India\",\"Philippines\",\"Indonesia\"],\"Category\":[\"Fragrance\",\"Skincare\",\"Make-up\"],\"Brand\":[\"Clarins\",\"Miu Miu\",\"Benefit\",\"Glam Glow\",\"Valentino\",\"Carolina Herrera\",\"Cle de Peau Beaute\",\"Estee Lauder\",\"Shu Uemura\",\"Kilian\",\"Urban Decay\",\"Laneige\",\"Rabanne\",\"Too Faced\",\"MAC\",\"Hera\",\"Juliette has a gun\",\"Yves Saint Laurent\",\"(Other panel)\",\"Bobbi Brown\",\"Lancome\",\"Elizabeth Arden\",\"Chanel\",\"Kama Ayurveda\",\"L\'Artisan Parfumeur\",\"Fresh\",\"Diesel\",\"Christian Louboutin\",\"Marc Jacobs\",\"Lab Series\",\"Byredo\",\"Tiffany &amp; Co.\",\"Ralph Lauren\",\"Davidoff\",\"Cacharel\",\"Takami\",\"Darphin\",\"Aesop\",\"Issey Miyake\",\"Chloe\",\"Jo Malone\",\"Le Labo\",\"Penhaligon\'s\",\"Gucci\",\"Philosophy\",\"AmorePacific\",\"Atelier Cologne\",\"La Prairie\",\"Burberry\",\"The Ordinary\",\"Roberto Cavalli\",\"Tory Burch\",\"Nars\",\"Decorte\",\"Goutal\",\"Serge Lutens\",\"Christian Dior\",\"Shiseido\",\"Jean-Paul Gaultier\",\"Hermes\",\"Hugo Boss\",\"Origins\",\"Aramis\",\"Dr.Jart+\",\"Mugler\",\"Make Up For Ever\",\"Smashbox\",\"Charlotte Tilbury\",\"Aveda\",\"Calvin Klein\",\"Lacoste\",\"Viktor &amp; Rolf\",\"Maison Margiela\",\"L\'Occitane\",\"Jill Stuart\",\"Drunk Elephant\",\"Parfums Frederic Malle\",\"Bulgari\",\"Clinique\",\"IPSA\",\"Sekkisei\",\"Shiseido Cosmetics\",\"Narciso Rodriguez\",\"Biotherm\",\"Tom Ford\",\"Guerlain\",\"Prada\",\"Sulwhasoo\",\"Acqua Di Parma\",\"Helena Rubinstein\",\"Azzaro\",\"SK-II\",\"La Mer\",\"Givenchy\",\"Giorgio Armani\",\"IT Cosmetics\",\"Kenzo\",\"Primera\",\"Kiehl\'s\",\"Escada\"],\"Group\":[\"Hermes\",\"Puig\",\"Clarins\",\"AmorePacific\",\"Coty Luxury\",\"Shiseido\",\"Chanel\",\"Lauder\",\"Kose\",\"L\'Occitane\",\"L\'Oreal Luxe\",\"E. Arden\",\"LVMH Others\",\"Juliette has a gun\",\"La Prairie\",\"LVMH\",\"P&amp;G\",\"_\"],\"Channel\":[\"Specialty Stores\",\"Department Stores\",\"Standalone Boutiques\",\"E-Commerce\"]},\"all_categories_vals\":{\"Market\":[\"Total\",\"India\",\"Indonesia\",\"Korea\",\"Malaysia\",\"Philippines\",\"Singapore\",\"Taiwan\",\"Thailand\",\"Vietnam\"],\"Category\":[\"Total\",\"Make-up\",\"Skincare\",\"Fragrance\"],\"Brand\":[\"Total\",\"Clarins\",\"Burberry\",\"Calvin Klein\",\"Chloe\",\"Davidoff\",\"Escada\",\"Gucci\",\"Hugo Boss\",\"Lacoste\",\"Marc Jacobs\",\"Miu Miu\",\"Roberto Cavalli\",\"Tiffany &amp; Co.\",\"L\'Occitane\",\"Azzaro\",\"Cacharel\",\"Diesel\",\"Giorgio Armani\",\"Kiehl\'s\",\"Lancome\",\"Maison Margiela\",\"Mugler\",\"Prada\",\"Ralph Lauren\",\"Urban Decay\",\"Valentino\",\"Viktor &amp; Rolf\",\"Yves Saint Laurent\",\"Acqua Di Parma\",\"Benefit\",\"Christian Dior\",\"Givenchy\",\"Aveda\",\"Bobbi Brown\",\"Clinique\",\"Estee Lauder\",\"Glam Glow\",\"Jo Malone\",\"Kilian\",\"MAC\",\"Smashbox\",\"Tom Ford\",\"Too Faced\",\"Charlotte Tilbury\",\"Kama Ayurveda\",\"Issey Miyake\",\"Narciso Rodriguez\",\"Serge Lutens\",\"Shiseido\",\"Tory Burch\",\"Laneige\",\"Sulwhasoo\",\"Chanel\",\"Shu Uemura\",\"Guerlain\",\"Make Up For Ever\",\"Bulgari\",\"Dr.Jart+\",\"La Mer\",\"Parfums Frederic Malle\",\"SK-II\",\"Carolina Herrera\",\"Jean-Paul Gaultier\",\"Penhaligon\'s\",\"Rabanne\",\"Cle de Peau Beaute\",\"Nars\",\"AmorePacific\",\"Goutal\",\"Hera\",\"Primera\",\"Philosophy\",\"Elizabeth Arden\",\"Hermes\",\"Juliette has a gun\",\"Decorte\",\"Jill Stuart\",\"Sekkisei\",\"Aesop\",\"Biotherm\",\"Helena Rubinstein\",\"Fresh\",\"La Prairie\",\"Aramis\",\"Darphin\",\"Lab Series\",\"Le Labo\",\"Origins\",\"The Ordinary\",\"Byredo\",\"Drunk Elephant\",\"IT Cosmetics\",\"Christian Louboutin\",\"(Other panel)\",\"Atelier Cologne\",\"Kenzo\",\"L\'Artisan Parfumeur\",\"Takami\",\"IPSA\",\"Shiseido Cosmetics\"],\"Group\":[\"Total\",\"Clarins\",\"Coty Luxury\",\"L\'Occitane\",\"L\'Oreal Luxe\",\"LVMH\",\"Lauder\",\"Puig\",\"Shiseido\",\"AmorePacific\",\"Chanel\",\"LVMH Others\",\"P&amp;G\",\"E. Arden\",\"Hermes\",\"Juliette has a gun\",\"Kose\",\"La Prairie\",\"_\"],\"Channel\":[\"Total\",\"Department Stores\",\"E-Commerce\",\"Specialty Stores\",\"Standalone Boutiques\"]},\"time_period_flag\":0,\"time_period_vals\":[\"YTD Q2 2024\"],\"time_period_filter_val_resp\":{\"selected_time_period\":[\"YTD Q2 2024\"]},\"error\":\"Correct Data\",\"seperated_flag_col\":0,\"current_time_period_resp\":\"YTD Q2 2024\",\"comparative_time_period_resp\":\"YTD Q2 2023\",\"measure_type\":\"measure_in_column\",\"message\":\"Data is Correct\"}','[{\"Market\": [\"Thailand\", \"Singapore\", \"Malaysia\", \"Vietnam\", \"Taiwan\", \"Korea\", \"India\", \"Philippines\", \"Indonesia\"], \"Category\": [\"Skincare\", \"Make-up\"], \"Brand\": [\"Cle de Peau Beaute\"], \"Group\": [\"Hermes\", \"Puig\", \"Clarins\", \"AmorePacific\", \"Coty Luxury\", \"Shiseido\", \"Chanel\", \"Lauder\", \"Kose\", \"L\'Occitane\", \"L\'Oreal Luxe\", \"E. Arden\", \"LVMH Others\", \"Juliette has a gun\", \"La Prairie\", \"LVMH\", \"P&G\", \"_\"], \"Channel\": [\"Specialty Stores\", \"Department Stores\", \"Standalone Boutiques\", \"E-Commerce\"]}]','{\"Sales (M JPY)\": [\"Sales (M JPY)_YTD Q2 2024 Rank\", \"Sales (M JPY)_YTD Q2 2024\", \"Sales (M JPY)_GR% vs YTD Q2 2023\"]}','YTD','<li class=\"list-group-item tinted\" id=\"item_a\" data-module=\"a\" data-value=\"Market\" draggable=\"false\" style=\"\"><div>Market</div></li>','<li class=\"list-group-item tinted s-l-open\" id=\"item_c\" data-module=\"a\" data-value=\"Channel\" style=\"\" draggable=\"false\"><div>Channel<span class=\"s-l-opener\" style=\"float: left; display: inline-block; background-position: center center; background-repeat: no-repeat; margin-left: -35px; margin-right: 5px; font-size: 1.1em;\"><i class=\"fa fa-minus c3\"></i></span></div><ul style=\"display: block;\"><li class=\"list-group-item tinted\" id=\"item_b\" data-module=\"a\" data-value=\"Category\" style=\"width: auto; position: relative; top: 0px; left: 0px; visibility: visible;\" draggable=\"false\"><div>Category</div></li></ul></li>','<li class=\"list-group-item tinted\" id=\"item_c\" data-module=\"a\" data-value=\"Group\" style=\"\"><div>Group</div></li><li class=\"list-group-item tinted\" id=\"item_a\" data-module=\"a\" data-value=\"Brand\" style=\"\"><div>Brand</div></li>','YTD Q2 2024','YTD Q2 2023','millions'),(78,11,'Sales','Market by Category and B&M for CPB ','[\"Market\"]','[\"Category\",\"Channel (High Level)\"]','[\"Brand\"]','Multichannel_Marketwise_Q2_2024','Multichannel','2024-08-19 06:36:39.342674','{\"status\":200,\"row_length\":\"row_length\",\"column_length\":\"column_length\",\"rowcount_dict\":\"rowcount_dict\",\"columncount_dict\":\"columncount_dict\",\"df_cross_json\":{\"columns\":[[\"Skincare\",\"B&amp;M\",\"Sales (M JPY)_ H1 2024\"],[\"Skincare\",\"B&amp;M\",\"Sales (M JPY)_GR% vs  H1 2023\"],[\"Skincare\",\"B&amp;M\",\"Sales (M JPY)_Share%  H1 2024\"],[\"Skincare\",\"EC\",\"Sales (M JPY)_ H1 2024\"],[\"Skincare\",\"EC\",\"Sales (M JPY)_GR% vs  H1 2023\"],[\"Skincare\",\"EC\",\"Sales (M JPY)_Share%  H1 2024\"],[\"Make-up\",\"B&amp;M\",\"Sales (M JPY)_ H1 2024\"],[\"Make-up\",\"B&amp;M\",\"Sales (M JPY)_GR% vs  H1 2023\"],[\"Make-up\",\"B&amp;M\",\"Sales (M JPY)_Share%  H1 2024\"],[\"Make-up\",\"EC\",\"Sales (M JPY)_ H1 2024\"],[\"Make-up\",\"EC\",\"Sales (M JPY)_GR% vs  H1 2023\"],[\"Make-up\",\"EC\",\"Sales (M JPY)_Share%  H1 2024\"],[\"Grand Total\",\"B&amp;M\",\"Sales (M JPY)_ H1 2024\"],[\"Grand Total\",\"B&amp;M\",\"Sales (M JPY)_GR% vs  H1 2023\"],[\"Grand Total\",\"B&amp;M\",\"Sales (M JPY)_Share%  H1 2024\"],[\"Grand Total\",\"EC\",\"Sales (M JPY)_ H1 2024\"],[\"Grand Total\",\"EC\",\"Sales (M JPY)_GR% vs  H1 2023\"],[\"Grand Total\",\"EC\",\"Sales (M JPY)_Share%  H1 2024\"],[\"Grand Total\",\"Grand Total\",\"Sales (M JPY)_ H1 2024\"],[\"Grand Total\",\"Grand Total\",\"Sales (M JPY)_GR% vs  H1 2023\"],[\"Grand Total\",\"Grand Total\",\"Sales (M JPY)_Share%  H1 2024\"]],\"index\":[[\"Market\",\"Indonesia\"],[\"Market\",\"Korea\"],[\"Market\",\"Malaysia\"],[\"Market\",\"Philippines\"],[\"Market\",\"Singapore\"],[\"Market\",\"Taiwan\"],[\"Market\",\"Thailand\"],[\"Market\",\"Vietnam\"],[\"Market\",\"Grand Total\"]],\"data\":[[116.8693944873,4.6093787898,3.7540872125,0.998361,-51.5628711372,0.7157935344,96.3824197427,14.9274855173,6.2992977933,1.337518,-14.7348880381,0.6981986082,213.25181423,9.0336501138,4.5928022217,2.335879,-35.6472802082,0.7056117576,215.58769323,8.2195321656,4.334102722],[446.25771676,-5.1306441654,14.3347229214,76.93989277,32.689401217,55.1634907457,156.16862658,2.9258188496,10.2067647547,141.70989639,54.5770067888,73.9740716939,602.42634334,-3.1657511396,12.9744502203,218.64978916,46.0968222504,66.0487388369,821.0761325,6.3870497452,16.506639352],[119.72628575,-9.4965203572,3.845856482,6.23668385,-20.9194270508,4.4715067757,98.336464,16.9160479894,6.4270089123,5.42223263,-28.0948440301,2.8304630483,218.06274975,0.7694103335,4.6964152926,11.65891648,-24.4267454361,3.5218727293,229.72166623,-0.907322831,4.6182473777],[31.89777,-14.808721526,1.0246224941,0.344,-11.1879897247,0.2466372142,29.3426175,5.3910867352,1.9177551898,0.439325,58.8074754193,0.2293323182,61.2403875,-6.1941384574,1.3189336221,0.783325,17.9750743627,0.2366232712,62.0237125,-5.9507995334,1.2469039264],[242.6113397,-2.218195147,7.7931791464,13.08651153,-14.4007049333,9.382618453,220.76450307,36.0939091509,14.4285788917,13.35074567,-24.1382577753,6.9692311018,463.37584277,12.9276480264,9.9797209597,26.4372572,-19.6115684345,7.9860470164,489.81309997,10.5132226927,9.8470383818],[1323.061124,3.5215525686,42.4994659103,25.1383,36.8967748119,18.0233729147,446.72782,-4.1973972927,29.1969383862,23.194204,6.1823067425,12.1076209445,1769.788944,1.4581248287,38.1159270476,48.332504,20.2100266035,14.6000640856,1818.121448,1.8806110725,36.550904176],[582.3124,20.3842124109,18.7050813783,16.39144,-36.4488619181,11.7521485434,369.24116,15.4743816805,24.1326170332,5.8886,-47.0056948674,3.073911771,951.55356,18.4302314814,20.4935996452,22.28004,-39.6274903616,6.7302536576,973.8336,15.8806844726,19.5776242759],[250.3880890092,-1.20964347,8.0429844549,0.340924,0,0.2444318187,113.0866090702,61.9677473755,7.3910390388,0.2244600174,0,0.1171705141,363.4746980794,12.4353387464,7.8281509909,0.5653840174,0,0.1707886454,364.0400820968,12.610231645,7.3185397882],[3113.1241197065,3.2484454079,100,139.47611315,9.1673999652,100,1530.0502199629,12.0391372612,100,191.5669817074,26.3498308372,100,4643.1743396694,5.9887819167,100,331.0430948574,18.4921137539,100,4974.2174345268,6.7383595214,100]]},\"significance_df_json\":\"No Significance Data\",\"base_column_names_resp\":{\"type\":\"other\",\"base_column_names_resp\":\"No Indices/Significance Selected\"},\"dict_selected_measures_lst\":{\"Sales (M JPY)\":[\"Sales (M JPY)_HY H1 2024 Rank\",\"Sales (M JPY)_HY H1 2024\",\"Sales (M JPY)_HY H1 2023\",\"Sales (M JPY)_GR% vs HY H1 2023\",\"Sales (M JPY)_Share% HY H1 2024\",\"Sales (M JPY)_Share% HY H1 2023\",\"Sales (M JPY)_BPS vs HY H1 2023\"]},\"dict_selected_measures_filtered_lst\":{\"Sales (M JPY)\":[\"Sales (M JPY)_HY H1 2024\",\"Sales (M JPY)_GR% vs HY H1 2023\",\"Sales (M JPY)_Share% HY H1 2024\"]},\"filter_dict_resp\":{\"Market\":[\"Thailand\",\"Singapore\",\"Malaysia\",\"Vietnam\",\"Taiwan\",\"Korea\",\"India\",\"Philippines\",\"Indonesia\"],\"Channel (High Level)\":[\"B&amp;M\",\"EC\"],\"Brand\":[\"Clarins\",\"Miu Miu\",\"Benefit\",\"Glam Glow\",\"Valentino\",\"Carolina Herrera\",\"Cle de Peau Beaute\",\"Estee Lauder\",\"Shu Uemura\",\"Kilian\",\"Urban Decay\",\"Laneige\",\"Rabanne\",\"Too Faced\",\"MAC\",\"Hera\",\"Juliette has a gun\",\"Yves Saint Laurent\",\"(Other panel)\",\"Bobbi Brown\",\"Lancome\",\"Elizabeth Arden\",\"Chanel\",\"Kama Ayurveda\",\"L\'Artisan Parfumeur\",\"Fresh\",\"Diesel\",\"Christian Louboutin\",\"Marc Jacobs\",\"Lab Series\",\"Byredo\",\"Tiffany &amp; Co.\",\"Ralph Lauren\",\"Davidoff\",\"Cacharel\",\"Takami\",\"Darphin\",\"Aesop\",\"Issey Miyake\",\"Chloe\",\"Jo Malone\",\"Le Labo\",\"Penhaligon\'s\",\"Gucci\",\"Philosophy\",\"AmorePacific\",\"Atelier Cologne\",\"La Prairie\",\"Burberry\",\"The Ordinary\",\"Roberto Cavalli\",\"Tory Burch\",\"Nars\",\"Decorte\",\"Goutal\",\"Serge Lutens\",\"Christian Dior\",\"Shiseido\",\"Jean-Paul Gaultier\",\"Hermes\",\"Hugo Boss\",\"Origins\",\"Aramis\",\"Dr.Jart+\",\"Mugler\",\"Make Up For Ever\",\"Smashbox\",\"Charlotte Tilbury\",\"Aveda\",\"Calvin Klein\",\"Lacoste\",\"Viktor &amp; Rolf\",\"Maison Margiela\",\"L\'Occitane\",\"Jill Stuart\",\"Drunk Elephant\",\"Parfums Frederic Malle\",\"Bulgari\",\"Clinique\",\"IPSA\",\"Sekkisei\",\"Shiseido Cosmetics\",\"Narciso Rodriguez\",\"Biotherm\",\"Tom Ford\",\"Guerlain\",\"Prada\",\"Sulwhasoo\",\"Acqua Di Parma\",\"Helena Rubinstein\",\"Azzaro\",\"SK-II\",\"La Mer\",\"Givenchy\",\"Giorgio Armani\",\"IT Cosmetics\",\"Kenzo\",\"Primera\",\"Kiehl\'s\",\"Escada\"],\"Category\":[\"Fragrance\",\"Skincare\",\"Make-up\"]},\"all_categories_vals\":{\"Market\":[\"Total\",\"India\",\"Indonesia\",\"Korea\",\"Malaysia\",\"Philippines\",\"Singapore\",\"Taiwan\",\"Thailand\",\"Vietnam\"],\"Channel (High Level)\":[\"Total\",\"B&amp;M\",\"EC\"],\"Brand\":[\"Total\",\"Clarins\",\"Burberry\",\"Calvin Klein\",\"Chloe\",\"Davidoff\",\"Escada\",\"Gucci\",\"Hugo Boss\",\"Lacoste\",\"Marc Jacobs\",\"Miu Miu\",\"Roberto Cavalli\",\"Tiffany &amp; Co.\",\"L\'Occitane\",\"Azzaro\",\"Cacharel\",\"Diesel\",\"Giorgio Armani\",\"Kiehl\'s\",\"Lancome\",\"Maison Margiela\",\"Mugler\",\"Prada\",\"Ralph Lauren\",\"Urban Decay\",\"Valentino\",\"Viktor &amp; Rolf\",\"Yves Saint Laurent\",\"Acqua Di Parma\",\"Benefit\",\"Christian Dior\",\"Givenchy\",\"Aveda\",\"Bobbi Brown\",\"Clinique\",\"Estee Lauder\",\"Glam Glow\",\"Jo Malone\",\"Kilian\",\"MAC\",\"Smashbox\",\"Tom Ford\",\"Too Faced\",\"Charlotte Tilbury\",\"Kama Ayurveda\",\"Issey Miyake\",\"Narciso Rodriguez\",\"Serge Lutens\",\"Shiseido\",\"Tory Burch\",\"Laneige\",\"Sulwhasoo\",\"Chanel\",\"Shu Uemura\",\"Guerlain\",\"Make Up For Ever\",\"Bulgari\",\"Dr.Jart+\",\"La Mer\",\"Parfums Frederic Malle\",\"SK-II\",\"Carolina Herrera\",\"Jean-Paul Gaultier\",\"Penhaligon\'s\",\"Rabanne\",\"Cle de Peau Beaute\",\"Nars\",\"AmorePacific\",\"Goutal\",\"Hera\",\"Primera\",\"Philosophy\",\"Elizabeth Arden\",\"Hermes\",\"Juliette has a gun\",\"Decorte\",\"Jill Stuart\",\"Sekkisei\",\"Aesop\",\"Biotherm\",\"Helena Rubinstein\",\"Fresh\",\"La Prairie\",\"Aramis\",\"Darphin\",\"Lab Series\",\"Le Labo\",\"Origins\",\"The Ordinary\",\"Byredo\",\"Drunk Elephant\",\"IT Cosmetics\",\"Christian Louboutin\",\"(Other panel)\",\"Atelier Cologne\",\"Kenzo\",\"L\'Artisan Parfumeur\",\"Takami\",\"IPSA\",\"Shiseido Cosmetics\"],\"Category\":[\"Total\",\"Make-up\",\"Skincare\",\"Fragrance\"]},\"time_period_flag\":0,\"time_period_vals\":[\"HY H1 2024\"],\"time_period_filter_val_resp\":{\"selected_time_period\":[\"HY H1 2024\"]},\"error\":\"Correct Data\",\"seperated_flag_col\":0,\"current_time_period_resp\":\"HY H1 2024\",\"comparative_time_period_resp\":\"HY H1 2023\",\"measure_type\":\"measure_in_column\",\"message\":\"Data is Correct\"}','[{\"Market\": [\"Thailand\", \"Singapore\", \"Malaysia\", \"Vietnam\", \"Taiwan\", \"Korea\", \"Philippines\", \"Indonesia\"], \"Channel (High Level)\": [\"B&M\", \"EC\"], \"Brand\": [\"Cle de Peau Beaute\"], \"Category\": [\"Skincare\", \"Make-up\"]}]','{\"Sales (M JPY)\": [\"Sales (M JPY)_HY H1 2024\", \"Sales (M JPY)_GR% vs HY H1 2023\", \"Sales (M JPY)_Share% HY H1 2024\"]}','HY','<li class=\"list-group-item\" id=\"item_a\" data-module=\"a\" data-value=\"Market\"><div>Market</div></li>','<li class=\"list-group-item tinted s-l-open\" id=\"item_a\" data-module=\"a\" data-value=\"Category\" draggable=\"false\" style=\"\"><div>Category<span class=\"s-l-opener\" style=\"float: left; display: inline-block; background-position: center center; background-repeat: no-repeat; margin-left: -35px; margin-right: 5px; font-size: 1.1em;\"><i class=\"fa fa-minus c3\"></i></span></div><ul style=\"display: block;\"><li class=\"list-group-item tinted\" id=\"item_a\" data-module=\"a\" data-value=\"Channel (High Level)\" style=\"width: auto; position: relative; top: 0px; left: 0px; visibility: visible;\" draggable=\"false\"><div>Channel (High Level)</div></li></ul></li>','<li class=\"list-group-item tinted\" id=\"item_c\" data-module=\"a\" data-value=\"Brand\" style=\"\"><div>Brand</div></li>','HY H1 2024','HY H1 2023','millions');
/*!40000 ALTER TABLE `user_table_view_history` ENABLE KEYS */;
UNLOCK TABLES;

--
-- Dumping events for database 'bcs_sales_tracker'
--

--
-- Dumping routines for database 'bcs_sales_tracker'
--
/*!40103 SET TIME_ZONE=@OLD_TIME_ZONE */;

/*!40101 SET SQL_MODE=@OLD_SQL_MODE */;
/*!40014 SET FOREIGN_KEY_CHECKS=@OLD_FOREIGN_KEY_CHECKS */;
/*!40014 SET UNIQUE_CHECKS=@OLD_UNIQUE_CHECKS */;
/*!40101 SET CHARACTER_SET_CLIENT=@OLD_CHARACTER_SET_CLIENT */;
/*!40101 SET CHARACTER_SET_RESULTS=@OLD_CHARACTER_SET_RESULTS */;
/*!40101 SET COLLATION_CONNECTION=@OLD_COLLATION_CONNECTION */;
/*!40111 SET SQL_NOTES=@OLD_SQL_NOTES */;

-- Dump completed on 2024-09-05 11:49:45
